Unamed,Happiness Rank,Country,Region_name,Happiness_Score,Economy_GDP_ per_ Capita,Family (Social Support),Health (Life Expectancy),Freedom,Trust (Government Corruption),Generosity,Year,,,
0,1,Switzerland,Western Europe,7.6,1.4,1.35,0.94,0.67,0.42,0.3,2015,,,
1,2,Iceland,Western Europe,7.6,1.3,1.4,0.95,0.63,0.14,0.44,2015,,,
2,3,Denmark,Western Europe,7.5,1.33,1.36,0.87,0.65,0.48,0.34,2015,,,2.5
3,4,Norway,Western Europe,7.5,1.46,1.33,0.89,0.67,0.37,0.35,2015,,,7821
4,5,Canada,North America,7.4,1.33,1.32,0.91,0.63,0.33,0.46,2015,,,2209
5,6,Finland,Western Europe,7.4,1.29,1.32,0.89,0.64,0.41,0.23,2015,,,0
6,7,Netherlands,Western Europe,7.4,1.33,1.28,0.89,0.62,0.32,0.48,2015,,,
7,8,Sweden,Western Europe,7.4,1.33,1.29,0.91,0.66,0.44,0.36,2015,,,
8,9,New Zealand,Australia and New Zealand,7.3,1.25,1.32,0.91,0.64,0.43,0.48,2015,,,
9,10,Australia,Australia and New Zealand,7.3,1.33,1.31,0.93,0.65,0.36,0.44,2015,,,
10,11,Israel,Middle East and Northern Africa,7.3,1.23,1.22,0.91,0.41,0.08,0.33,2015,,,
11,12,Costa Rica,Latin America and Caribbean,7.2,0.96,1.24,0.86,0.63,0.11,0.25,2015,,,
12,13,Austria,Western Europe,7.2,1.34,1.3,0.89,0.62,0.19,0.33,2015,,,
13,14,Mexico,Latin America and Caribbean,7.2,1.02,0.91,0.81,0.48,0.21,0.14,2015,,,
14,15,United States,North America,7.1,1.39,1.25,0.86,0.55,0.16,0.4,2015,,,
15,16,Brazil,Latin America and Caribbean,7,0.98,1.23,0.7,0.49,0.18,0.15,2015,,,
16,17,Luxembourg,Western Europe,7,1.56,1.22,0.92,0.62,0.38,0.28,2015,,,
17,18,Ireland,Western Europe,6.9,1.34,1.37,0.9,0.62,0.29,0.46,2015,,,
18,19,Belgium,Western Europe,6.9,1.31,1.29,0.9,0.58,0.23,0.22,2015,,,
19,20,United Arab Emirates,Middle East and Northern Africa,6.9,1.43,1.13,0.81,0.64,0.39,0.26,2015,,,
20,21,United Kingdom,Western Europe,6.9,1.27,1.29,0.91,0.6,0.32,0.52,2015,,,
21,22,Oman,Middle East and Northern Africa,6.9,1.36,1.08,0.76,0.63,0.33,0.22,2015,,,
22,23,Venezuela,Latin America and Caribbean,6.8,1.04,1.26,0.72,0.43,0.11,0.06,2015,,,
23,24,Singapore,Southeast Asia,6.8,1.52,1.02,1.03,0.54,0.49,0.31,2015,,,
24,25,Panama,Latin America and Caribbean,6.8,1.06,1.2,0.8,0.54,0.09,0.24,2015,,,
25,26,Germany,Western Europe,6.8,1.33,1.3,0.89,0.61,0.22,0.28,2015,,,
26,27,Chile,Latin America and Caribbean,6.7,1.11,1.12,0.86,0.44,0.13,0.33,2015,,,
27,28,Qatar,Middle East and Northern Africa,6.6,1.69,1.08,0.8,0.64,0.52,0.33,2015,,,
28,29,France,Western Europe,6.6,1.28,1.26,0.95,0.55,0.21,0.12,2015,,,
29,30,Argentina,Latin America and Caribbean,6.6,1.05,1.25,0.79,0.45,0.08,0.11,2015,,,
30,31,Czech Republic,Central and Eastern Europe,6.5,1.18,1.21,0.84,0.46,0.03,0.11,2015,,,
31,32,Uruguay,Latin America and Caribbean,6.5,1.06,1.21,0.81,0.6,0.25,0.23,2015,,,
32,33,Colombia,Latin America and Caribbean,6.5,0.92,1.24,0.69,0.53,0.05,0.18,2015,,,
33,34,Thailand,Southeast Asia,6.5,0.97,1.27,0.74,0.56,0.03,0.58,2015,,,
34,35,Saudi Arabia,Middle East and Northern Africa,6.4,1.4,1.08,0.72,0.31,0.33,0.14,2015,,,
35,36,Spain,Western Europe,6.3,1.23,1.31,0.96,0.46,0.06,0.18,2015,,,
36,37,Malta,Western Europe,6.3,1.21,1.3,0.89,0.6,0.14,0.52,2015,,,
37,38,Taiwan,Eastern Asia,6.3,1.29,1.08,0.88,0.4,0.08,0.25,2015,,,
38,39,Kuwait,Middle East and Northern Africa,6.3,1.55,1.17,0.72,0.55,0.26,0.16,2015,,,
39,40,Suriname,Latin America and Caribbean,6.3,1,0.97,0.61,0.6,0.14,0.17,2015,,,
40,41,Trinidad and Tobago,Latin America and Caribbean,6.2,1.21,1.18,0.61,0.56,0.01,0.32,2015,,,
41,42,El Salvador,Latin America and Caribbean,6.1,0.76,1.03,0.68,0.4,0.12,0.11,2015,,,
42,43,Guatemala,Latin America and Caribbean,6.1,0.75,1.04,0.64,0.58,0.09,0.27,2015,,,
43,44,Uzbekistan,Central and Eastern Europe,6,0.63,1.34,0.6,0.66,0.31,0.23,2015,,,
44,45,Slovakia,Central and Eastern Europe,6,1.17,1.27,0.79,0.32,0.03,0.17,2015,,,
45,46,Japan,Eastern Asia,6,1.27,1.26,0.99,0.5,0.18,0.11,2015,,,
46,47,South Korea,Eastern Asia,6,1.24,0.96,0.97,0.33,0.08,0.19,2015,,,
47,48,Ecuador,Latin America and Caribbean,6,0.86,1,0.79,0.49,0.18,0.12,2015,,,
48,49,Bahrain,Middle East and Northern Africa,6,1.32,1.22,0.75,0.45,0.31,0.17,2015,,,
49,50,Italy,Western Europe,6,1.25,1.2,0.95,0.26,0.03,0.23,2015,,,
50,51,Bolivia,Latin America and Caribbean,5.9,0.68,0.98,0.54,0.57,0.09,0.21,2015,,,
51,52,Moldova,Central and Eastern Europe,5.9,0.59,1.02,0.62,0.33,0.02,0.21,2015,,,
52,53,Paraguay,Latin America and Caribbean,5.9,0.76,1.3,0.66,0.54,0.08,0.34,2015,,,
53,54,Kazakhstan,Central and Eastern Europe,5.9,1.12,1.12,0.64,0.52,0.08,0.12,2015,,,
54,55,Slovenia,Central and Eastern Europe,5.9,1.18,1.27,0.87,0.61,0.04,0.25,2015,,,
55,56,Lithuania,Central and Eastern Europe,5.8,1.15,1.26,0.73,0.21,0.01,0.03,2015,,,
56,57,Nicaragua,Latin America and Caribbean,5.8,0.59,1.14,0.74,0.55,0.19,0.28,2015,,,
57,58,Peru,Latin America and Caribbean,5.8,0.9,0.97,0.73,0.41,0.06,0.15,2015,,,
58,59,Belarus,Central and Eastern Europe,5.8,1.03,1.23,0.74,0.38,0.19,0.11,2015,,,
59,60,Poland,Central and Eastern Europe,5.8,1.13,1.28,0.78,0.53,0.04,0.17,2015,,,
60,61,Malaysia,Southeast Asia,5.8,1.12,1.07,0.72,0.53,0.11,0.33,2015,,,
61,62,Croatia,Central and Eastern Europe,5.8,1.08,0.8,0.79,0.26,0.02,0.05,2015,,,
62,63,Libya,Middle East and Northern Africa,5.8,1.13,1.12,0.7,0.42,0.11,0.18,2015,,,
63,64,Russia,Central and Eastern Europe,5.7,1.14,1.24,0.67,0.37,0.03,0,2015,,,
64,65,Jamaica,Latin America and Caribbean,5.7,0.81,1.15,0.69,0.5,0.02,0.21,2015,,,
65,66,North Cyprus,Western Europe,5.7,1.21,1.07,0.92,0.49,0.14,0.26,2015,,,
66,67,Cyprus,Western Europe,5.7,1.21,0.89,0.92,0.41,0.06,0.31,2015,,,
67,68,Algeria,Middle East and Northern Africa,5.6,0.94,1.08,0.62,0.29,0.17,0.08,2015,,,
68,69,Kosovo,Central and Eastern Europe,5.6,0.8,0.81,0.63,0.25,0.05,0.28,2015,,,
69,70,Turkmenistan,Central Asia ,5.6,0.96,1.23,0.54,0.48,0.31,0.17,2015,,,
70,71,Mauritius,Sub-Saharan Africa,5.5,1.01,0.99,0.71,0.56,0.08,0.38,2015,,,
71,72,Hong Kong,Eastern Asia,5.5,1.39,1.06,1.01,0.6,0.37,0.39,2015,,,
72,73,Estonia,Central and Eastern Europe,5.4,1.15,1.23,0.77,0.45,0.15,0.09,2015,,,
73,74,Indonesia,Southeast Asia,5.4,0.83,1.09,0.64,0.47,0,0.52,2015,,,
74,75,Vietnam,Southeast Asia,5.4,0.63,0.91,0.75,0.59,0.1,0.17,2015,,,
75,76,Turkey,Middle East and Northern Africa,5.3,1.06,0.95,0.73,0.23,0.16,0.12,2015,,,
76,77,Kyrgyzstan,Central and Eastern Europe,5.3,0.47,1.15,0.65,0.43,0.04,0.3,2015,,,
77,78,Nigeria,Sub-Saharan Africa,5.3,0.65,0.9,0.16,0.34,0.04,0.27,2015,,,
78,79,Bhutan,Southern Asia,5.3,0.77,1.1,0.57,0.53,0.15,0.48,2015,,,
79,80,Azerbaijan,Central and Eastern Europe,5.2,1.02,0.94,0.64,0.37,0.16,0.08,2015,,,
80,81,Pakistan,Southern Asia,5.2,0.6,0.41,0.51,0.12,0.1,0.34,2015,,,
81,82,Jordan,Middle East and Northern Africa,5.2,0.9,1.05,0.7,0.41,0.14,0.11,2015,,,
82,82,Montenegro,Central and Eastern Europe,5.2,0.97,0.91,0.73,0.18,0.14,0.16,2015,,,
83,84,China,Eastern Asia,5.1,0.89,0.95,0.82,0.52,0.03,0.08,2015,,,
84,85,Zambia,Sub-Saharan Africa,5.1,0.47,0.92,0.3,0.49,0.12,0.2,2015,,,
85,86,Romania,Central and Eastern Europe,5.1,1.04,0.89,0.77,0.35,0.01,0.14,2015,,,
86,87,Serbia,Central and Eastern Europe,5.1,0.92,1.01,0.75,0.2,0.03,0.19,2015,,,
87,88,Portugal,Western Europe,5.1,1.16,1.14,0.88,0.51,0.01,0.14,2015,,,
88,89,Latvia,Central and Eastern Europe,5.1,1.11,1.1,0.72,0.3,0.06,0.18,2015,,,
89,90,Philippines,Southeast Asia,5.1,0.71,1.04,0.58,0.63,0.12,0.25,2015,,,
90,91,Somaliland Region,Sub-Saharan Africa,5.1,0.19,0.95,0.44,0.47,0.4,0.5,2015,,,
91,92,Morocco,Middle East and Northern Africa,5,0.73,0.64,0.61,0.42,0.09,0.07,2015,,,
92,93,Macedonia,Central and Eastern Europe,5,0.92,1,0.74,0.33,0.05,0.22,2015,,,
93,94,Mozambique,Sub-Saharan Africa,5,0.08,1.03,0.09,0.34,0.16,0.22,2015,,,
94,95,Albania,Central and Eastern Europe,5,0.88,0.8,0.81,0.36,0.06,0.14,2015,,,
95,96,Bosnia and Herzegovina,Central and Eastern Europe,5,0.83,0.92,0.79,0.09,0,0.25,2015,,,
96,97,Lesotho,Sub-Saharan Africa,4.9,0.38,1.04,0.08,0.32,0.13,0.16,2015,,,
97,98,Dominican Republic,Latin America and Caribbean,4.9,0.9,1.17,0.67,0.58,0.14,0.22,2015,,,
98,99,Laos,Southeast Asia,4.9,0.59,0.74,0.55,0.6,0.24,0.42,2015,,,
99,100,Mongolia,Eastern Asia,4.9,0.83,1.3,0.6,0.44,0.03,0.33,2015,,,
100,101,Swaziland,Sub-Saharan Africa,4.9,0.71,1.07,0.08,0.31,0.03,0.18,2015,,,
101,102,Greece,Western Europe,4.9,1.15,0.93,0.88,0.08,0.01,0,2015,,,
102,103,Lebanon,Middle East and Northern Africa,4.8,1.03,0.8,0.84,0.34,0.05,0.22,2015,,,
103,104,Hungary,Central and Eastern Europe,4.8,1.12,1.2,0.76,0.32,0.03,0.13,2015,,,
104,105,Honduras,Latin America and Caribbean,4.8,0.6,0.95,0.7,0.4,0.07,0.23,2015,,,
105,106,Tajikistan,Central and Eastern Europe,4.8,0.39,0.86,0.57,0.47,0.15,0.23,2015,,,
106,107,Tunisia,Middle East and Northern Africa,4.7,0.88,0.6,0.74,0.26,0.06,0.06,2015,,,
107,108,Palestinian Territories,Middle East and Northern Africa,4.7,0.6,0.93,0.66,0.24,0.13,0.11,2015,,,
108,109,Bangladesh,Southern Asia,4.7,0.4,0.43,0.6,0.41,0.13,0.21,2015,,,
109,110,Iran,Middle East and Northern Africa,4.7,1.01,0.54,0.7,0.3,0.06,0.38,2015,,,
110,111,Ukraine,Central and Eastern Europe,4.7,0.8,1.2,0.67,0.25,0.03,0.15,2015,,,
111,112,Iraq,Middle East and Northern Africa,4.7,0.99,0.82,0.6,0,0.14,0.18,2015,,,
112,113,South Africa,Sub-Saharan Africa,4.6,0.92,1.18,0.28,0.33,0.09,0.12,2015,,,
113,114,Ghana,Sub-Saharan Africa,4.6,0.55,0.68,0.4,0.42,0.04,0.23,2015,,,
114,115,Zimbabwe,Sub-Saharan Africa,4.6,0.27,1.03,0.33,0.26,0.08,0.19,2015,,,
115,116,Liberia,Sub-Saharan Africa,4.6,0.07,0.79,0.34,0.29,0.06,0.24,2015,,,
116,117,India,Southern Asia,4.6,0.64,0.38,0.52,0.4,0.08,0.26,2015,,,
117,118,Sudan,Sub-Saharan Africa,4.6,0.52,1.01,0.37,0.1,0.15,0.19,2015,,,
118,119,Haiti,Latin America and Caribbean,4.5,0.27,0.74,0.39,0.24,0.17,0.46,2015,,,
119,120,Congo (Kinshasa),Sub-Saharan Africa,4.5,0,1,0.1,0.23,0.08,0.25,2015,,,
120,121,Nepal,Southern Asia,4.5,0.36,0.86,0.57,0.38,0.06,0.32,2015,,,
121,122,Ethiopia,Sub-Saharan Africa,4.5,0.19,0.6,0.44,0.43,0.15,0.24,2015,,,
122,123,Sierra Leone,Sub-Saharan Africa,4.5,0.33,0.96,0,0.41,0.09,0.21,2015,,,
123,124,Mauritania,Sub-Saharan Africa,4.4,0.45,0.87,0.36,0.24,0.17,0.22,2015,,,
124,125,Kenya,Sub-Saharan Africa,4.4,0.36,1,0.41,0.42,0.06,0.38,2015,,,
125,126,Djibouti,Sub-Saharan Africa,4.4,0.44,0.59,0.36,0.46,0.28,0.18,2015,,,
126,127,Armenia,Central and Eastern Europe,4.4,0.77,0.78,0.73,0.2,0.04,0.08,2015,,,
127,128,Botswana,Sub-Saharan Africa,4.3,0.99,1.1,0.05,0.49,0.12,0.1,2015,,,
128,129,Myanmar,Southeast Asia,4.3,0.27,0.71,0.48,0.44,0.19,0.8,2015,,,
129,130,Georgia,Central and Eastern Europe,4.3,0.74,0.39,0.73,0.41,0.38,0.06,2015,,,
130,131,Malawi,Sub-Saharan Africa,4.3,0.02,0.41,0.23,0.43,0.07,0.33,2015,,,
131,132,Sri Lanka,Southern Asia,4.3,0.84,1.02,0.71,0.54,0.09,0.41,2015,,,
132,133,Cameroon,Sub-Saharan Africa,4.3,0.42,0.89,0.23,0.49,0.06,0.21,2015,,,
133,134,Bulgaria,Central and Eastern Europe,4.2,1.01,1.11,0.77,0.31,0.01,0.12,2015,,,
134,135,Egypt,Middle East and Northern Africa,4.2,0.88,0.75,0.62,0.17,0.06,0.11,2015,,,
135,136,Yemen,Middle East and Northern Africa,4.1,0.55,0.68,0.4,0.36,0.08,0.09,2015,,,
136,137,Angola,Sub-Saharan Africa,4,0.76,0.86,0.17,0.1,0.07,0.12,2015,,,
137,138,Mali,Sub-Saharan Africa,4,0.26,1.04,0.21,0.39,0.12,0.19,2015,,,
138,139,Congo (Brazzaville),Sub-Saharan Africa,4,0.68,0.66,0.31,0.41,0.12,0.12,2015,,,
139,140,Comoros,Sub-Saharan Africa,4,0.24,0.79,0.36,0.23,0.2,0.17,2015,,,
140,141,Uganda,Sub-Saharan Africa,3.9,0.21,1.13,0.34,0.46,0.07,0.29,2015,,,
141,142,Senegal,Sub-Saharan Africa,3.9,0.36,0.98,0.44,0.37,0.11,0.21,2015,,,
142,143,Gabon,Sub-Saharan Africa,3.9,1.06,0.91,0.43,0.32,0.11,0.07,2015,,,
143,144,Niger,Sub-Saharan Africa,3.9,0.07,0.77,0.3,0.48,0.16,0.19,2015,,,
144,145,Cambodia,Southeast Asia,3.8,0.46,0.63,0.61,0.66,0.07,0.4,2015,,,
145,146,Tanzania,Sub-Saharan Africa,3.8,0.29,1,0.38,0.33,0.06,0.34,2015,,,
146,147,Madagascar,Sub-Saharan Africa,3.7,0.21,0.67,0.47,0.19,0.08,0.21,2015,,,
147,148,Central African Republic,Sub-Saharan Africa,3.7,0.08,0,0.07,0.49,0.08,0.24,2015,,,
148,149,Chad,Sub-Saharan Africa,3.7,0.34,0.76,0.15,0.24,0.05,0.18,2015,,,
149,150,Guinea,Sub-Saharan Africa,3.7,0.17,0.46,0.24,0.38,0.12,0.29,2015,,,
150,151,Ivory Coast,Sub-Saharan Africa,3.7,0.47,0.77,0.15,0.47,0.18,0.2,2015,,,
151,152,Burkina Faso,Sub-Saharan Africa,3.6,0.26,0.85,0.27,0.39,0.13,0.22,2015,,,
152,153,Afghanistan,Southern Asia,3.6,0.32,0.3,0.3,0.23,0.1,0.37,2015,,,
153,154,Rwanda,Sub-Saharan Africa,3.5,0.22,0.77,0.43,0.59,0.55,0.23,2015,,,
154,155,Benin,Sub-Saharan Africa,3.3,0.29,0.35,0.32,0.48,0.08,0.18,2015,,,
155,156,Syria,Middle East and Northern Africa,3,0.66,0.47,0.72,0.16,0.19,0.47,2015,,,
156,157,Burundi,Sub-Saharan Africa,2.9,0.02,0.42,0.22,0.12,0.1,0.2,2015,,,
157,158,Togo,Sub-Saharan Africa,2.8,0.21,0.14,0.28,0.36,0.11,0.17,2015,,,
0,1,Denmark,Western Europe,7.5,1.44,1.16,0.8,0.58,0.44,0.36,2016,,,
1,2,Switzerland,Western Europe,7.5,1.53,1.15,0.86,0.59,0.41,0.28,2016,,,
2,3,Iceland,Western Europe,7.5,1.43,1.18,0.87,0.57,0.15,0.48,2016,,,
3,4,Norway,Western Europe,7.5,1.58,1.13,0.8,0.6,0.36,0.38,2016,,,
4,5,Finland,Western Europe,7.4,1.41,1.13,0.81,0.57,0.41,0.25,2016,,,
5,6,Canada,North America,7.4,1.44,1.1,0.83,0.57,0.31,0.45,2016,,,
6,7,Netherlands,Western Europe,7.3,1.46,1.03,0.81,0.55,0.3,0.47,2016,,,
7,8,New Zealand,Australia and New Zealand,7.3,1.36,1.17,0.83,0.58,0.42,0.49,2016,,,
8,9,Australia,Australia and New Zealand,7.3,1.44,1.1,0.85,0.57,0.32,0.47,2016,,,
9,10,Sweden,Western Europe,7.3,1.45,1.09,0.83,0.58,0.41,0.38,2016,,,
10,11,Israel,Middle East and Northern Africa,7.3,1.34,1,0.85,0.36,0.09,0.32,2016,,,
11,12,Austria,Western Europe,7.1,1.45,1.08,0.81,0.54,0.21,0.33,2016,,,
12,13,United States,North America,7.1,1.51,1.05,0.78,0.48,0.15,0.41,2016,,,
13,14,Costa Rica,Latin America and Caribbean,7.1,1.07,1.02,0.76,0.55,0.11,0.23,2016,,,
14,15,Puerto Rico,Latin America and Caribbean,7,1.36,1.08,0.78,0.47,0.12,0.22,2016,,,
15,16,Germany,Western Europe,7,1.45,1.1,0.81,0.53,0.29,0.3,2016,,,
16,17,Brazil,Latin America and Caribbean,7,1.09,1.04,0.61,0.4,0.14,0.16,2016,,,
17,18,Belgium,Western Europe,6.9,1.43,1.05,0.82,0.51,0.26,0.24,2016,,,
18,19,Ireland,Western Europe,6.9,1.48,1.16,0.81,0.54,0.3,0.45,2016,,,
19,20,Luxembourg,Western Europe,6.9,1.7,1.04,0.85,0.55,0.35,0.28,2016,,,
20,21,Mexico,Latin America and Caribbean,6.8,1.12,0.71,0.71,0.38,0.18,0.12,2016,,,
21,22,Singapore,Southeast Asia,6.7,1.65,0.87,0.95,0.49,0.47,0.33,2016,,,
22,23,United Kingdom,Western Europe,6.7,1.4,1.09,0.81,0.5,0.27,0.5,2016,,,
23,24,Chile,Latin America and Caribbean,6.7,1.22,0.91,0.82,0.38,0.11,0.32,2016,,,
24,25,Panama,Latin America and Caribbean,6.7,1.18,0.99,0.71,0.49,0.08,0.24,2016,,,
25,26,Argentina,Latin America and Caribbean,6.7,1.15,1.07,0.7,0.42,0.07,0.11,2016,,,
26,27,Czech Republic,Central and Eastern Europe,6.6,1.31,1.01,0.76,0.41,0.04,0.1,2016,,,
27,28,United Arab Emirates,Middle East and Northern Africa,6.6,1.57,0.87,0.73,0.56,0.36,0.27,2016,,,
28,29,Uruguay,Latin America and Caribbean,6.6,1.18,1.03,0.72,0.54,0.21,0.18,2016,,,
29,30,Malta,Western Europe,6.5,1.31,1.1,0.8,0.55,0.18,0.56,2016,,,
30,31,Colombia,Latin America and Caribbean,6.5,1.03,1.02,0.6,0.45,0.05,0.16,2016,,,
31,32,France,Western Europe,6.5,1.39,1.01,0.84,0.47,0.18,0.12,2016,,,
32,33,Thailand,Southeast Asia,6.5,1.09,1.04,0.65,0.5,0.03,0.59,2016,,,
33,34,Saudi Arabia,Middle East and Northern Africa,6.4,1.49,0.85,0.59,0.38,0.3,0.15,2016,,,
34,34,Taiwan,Eastern Asia,6.4,1.4,0.93,0.8,0.32,0.07,0.25,2016,,,
35,36,Qatar,Middle East and Northern Africa,6.4,1.82,0.88,0.72,0.57,0.48,0.32,2016,,,
36,37,Spain,Western Europe,6.4,1.34,1.13,0.88,0.38,0.06,0.18,2016,,,
37,38,Algeria,Middle East and Northern Africa,6.4,1.05,0.83,0.62,0.21,0.16,0.07,2016,,,
38,39,Guatemala,Latin America and Caribbean,6.3,0.83,0.87,0.54,0.5,0.09,0.29,2016,,,
39,40,Suriname,Latin America and Caribbean,6.3,1.1,0.78,0.51,0.52,0.13,0.17,2016,,,
40,41,Kuwait,Middle East and Northern Africa,6.2,1.62,0.88,0.64,0.43,0.24,0.16,2016,,,
41,42,Bahrain,Middle East and Northern Africa,6.2,1.44,0.94,0.66,0.47,0.26,0.17,2016,,,
42,43,Trinidad and Tobago,Latin America and Caribbean,6.2,1.33,0.99,0.53,0.48,0.01,0.32,2016,,,
43,44,Venezuela,Latin America and Caribbean,6.1,1.13,1.03,0.62,0.2,0.08,0.04,2016,,,
44,45,Slovakia,Central and Eastern Europe,6.1,1.28,1.08,0.7,0.23,0.03,0.14,2016,,,
45,46,El Salvador,Latin America and Caribbean,6.1,0.87,0.81,0.6,0.37,0.11,0.09,2016,,,
46,47,Malaysia,Southeast Asia,6,1.25,0.88,0.62,0.39,0.09,0.41,2016,,,
47,48,Nicaragua,Latin America and Caribbean,6,0.69,0.9,0.65,0.47,0.16,0.3,2016,,,
48,49,Uzbekistan,Central and Eastern Europe,6,0.74,1.17,0.5,0.61,0.28,0.34,2016,,,
49,50,Italy,Western Europe,6,1.35,1.04,0.85,0.19,0.03,0.17,2016,,,
50,51,Ecuador,Latin America and Caribbean,6,0.97,0.86,0.69,0.4,0.18,0.1,2016,,,
51,52,Belize,Latin America and Caribbean,6,0.88,0.69,0.46,0.51,0.11,0.24,2016,,,
52,53,Japan,Eastern Asia,5.9,1.38,1.06,0.91,0.47,0.19,0.1,2016,,,
53,54,Kazakhstan,Central and Eastern Europe,5.9,1.23,0.96,0.57,0.41,0.11,0.15,2016,,,
54,55,Moldova,Central and Eastern Europe,5.9,0.69,0.83,0.52,0.25,0.02,0.2,2016,,,
55,56,Russia,Central and Eastern Europe,5.9,1.23,1.05,0.59,0.33,0.04,0.03,2016,,,
56,57,Poland,Central and Eastern Europe,5.8,1.25,1.05,0.69,0.45,0.06,0.14,2016,,,
57,57,South Korea,Eastern Asia,5.8,1.36,0.72,0.89,0.25,0.08,0.19,2016,,,
58,59,Bolivia,Latin America and Caribbean,5.8,0.79,0.84,0.47,0.51,0.08,0.22,2016,,,
59,60,Lithuania,Central and Eastern Europe,5.8,1.27,1.06,0.65,0.19,0.02,0.02,2016,,,
60,61,Belarus,Central and Eastern Europe,5.8,1.13,1.05,0.63,0.29,0.17,0.14,2016,,,
61,62,North Cyprus,Western Europe,5.8,1.31,0.82,0.84,0.44,0.17,0.26,2016,,,
62,63,Slovenia,Central and Eastern Europe,5.8,1.3,1.06,0.79,0.53,0.04,0.26,2016,,,
63,64,Peru,Latin America and Caribbean,5.7,1,0.81,0.63,0.38,0.05,0.15,2016,,,
64,65,Turkmenistan,Central Asia ,5.7,1.08,1.04,0.44,0.37,0.28,0.23,2016,,,
65,66,Mauritius,Sub-Saharan Africa,5.7,1.14,0.76,0.66,0.46,0.05,0.37,2016,,,
66,67,Libya,Middle East and Northern Africa,5.6,1.07,0.95,0.52,0.41,0.1,0.17,2016,,,
67,68,Latvia,Central and Eastern Europe,5.6,1.22,0.95,0.64,0.28,0.09,0.17,2016,,,
68,69,Cyprus,Western Europe,5.6,1.32,0.71,0.85,0.3,0.05,0.28,2016,,,
69,70,Paraguay,Latin America and Caribbean,5.5,0.89,1.11,0.58,0.46,0.07,0.25,2016,,,
70,71,Romania,Central and Eastern Europe,5.5,1.17,0.73,0.68,0.37,0.01,0.13,2016,,,
71,72,Estonia,Central and Eastern Europe,5.5,1.28,1.05,0.68,0.42,0.19,0.08,2016,,,
72,73,Jamaica,Latin America and Caribbean,5.5,0.89,0.96,0.59,0.44,0.04,0.22,2016,,,
73,74,Croatia,Central and Eastern Europe,5.5,1.19,0.61,0.71,0.24,0.04,0.18,2016,,,
74,75,Hong Kong,Eastern Asia,5.5,1.51,0.87,0.95,0.48,0.32,0.4,2016,,,
75,76,Somalia,Sub-Saharan Africa,5.4,0,0.34,0.11,0.57,0.31,0.27,2016,,,
76,77,Kosovo,Central and Eastern Europe,5.4,0.9,0.66,0.54,0.14,0.07,0.28,2016,,,
77,78,Turkey,Middle East and Northern Africa,5.4,1.16,0.88,0.65,0.24,0.12,0.05,2016,,,
78,79,Indonesia,Southeast Asia,5.3,0.95,0.88,0.49,0.39,0,0.57,2016,,,
79,80,Jordan,Middle East and Northern Africa,5.3,1,0.86,0.61,0.36,0.13,0.14,2016,,,
80,81,Azerbaijan,Central and Eastern Europe,5.3,1.12,0.76,0.55,0.35,0.18,0.06,2016,,,
81,82,Philippines,Southeast Asia,5.3,0.81,0.88,0.47,0.55,0.12,0.22,2016,,,
82,83,China,Eastern Asia,5.3,1.03,0.79,0.74,0.44,0.03,0.05,2016,,,
83,84,Bhutan,Southern Asia,5.2,0.85,0.91,0.5,0.46,0.16,0.49,2016,,,
84,85,Kyrgyzstan,Central and Eastern Europe,5.2,0.56,0.95,0.55,0.4,0.05,0.38,2016,,,
85,86,Serbia,Central and Eastern Europe,5.2,1.03,0.81,0.65,0.16,0.04,0.21,2016,,,
86,87,Bosnia and Herzegovina,Central and Eastern Europe,5.2,0.93,0.64,0.71,0.1,0,0.3,2016,,,
87,88,Montenegro,Central and Eastern Europe,5.2,1.08,0.74,0.64,0.15,0.13,0.17,2016,,,
88,89,Dominican Republic,Latin America and Caribbean,5.2,1.03,0.99,0.58,0.52,0.12,0.21,2016,,,
89,90,Morocco,Middle East and Northern Africa,5.2,0.84,0.39,0.59,0.26,0.08,0.04,2016,,,
90,91,Hungary,Central and Eastern Europe,5.2,1.24,0.93,0.68,0.2,0.04,0.1,2016,,,
91,92,Pakistan,Southern Asia,5.1,0.69,0.26,0.4,0.15,0.14,0.31,2016,,,
92,93,Lebanon,Middle East and Northern Africa,5.1,1.12,0.64,0.76,0.26,0.03,0.24,2016,,,
93,94,Portugal,Western Europe,5.1,1.28,0.94,0.79,0.45,0.02,0.12,2016,,,
94,95,Macedonia,Central and Eastern Europe,5.1,1.02,0.78,0.65,0.28,0.07,0.24,2016,,,
95,96,Vietnam,Southeast Asia,5.1,0.74,0.79,0.66,0.56,0.12,0.25,2016,,,
96,97,Somaliland Region,Sub-Saharan Africa,5.1,0.26,0.76,0.33,0.39,0.37,0.51,2016,,,
97,98,Tunisia,Middle East and Northern Africa,5.1,0.98,0.43,0.6,0.24,0.08,0.04,2016,,,
98,99,Greece,Western Europe,5,1.25,0.75,0.8,0.06,0.04,0,2016,,,
99,100,Tajikistan,Central and Eastern Europe,5,0.49,0.76,0.53,0.43,0.14,0.26,2016,,,
100,101,Mongolia,Eastern Asia,4.9,0.99,1.09,0.55,0.36,0.03,0.35,2016,,,
101,102,Laos,Southeast Asia,4.9,0.68,0.55,0.38,0.52,0.22,0.43,2016,,,
102,103,Nigeria,Sub-Saharan Africa,4.9,0.75,0.64,0.05,0.28,0.03,0.23,2016,,,
103,104,Honduras,Latin America and Caribbean,4.9,0.69,0.76,0.58,0.27,0.07,0.2,2016,,,
104,105,Iran,Middle East and Northern Africa,4.8,1.12,0.39,0.64,0.23,0.06,0.39,2016,,,
105,106,Zambia,Sub-Saharan Africa,4.8,0.61,0.64,0.24,0.43,0.11,0.18,2016,,,
106,107,Nepal,Southern Asia,4.8,0.45,0.7,0.5,0.37,0.07,0.38,2016,,,
107,108,Palestinian Territories,Middle East and Northern Africa,4.8,0.67,0.72,0.57,0.18,0.11,0.11,2016,,,
108,109,Albania,Central and Eastern Europe,4.7,0.96,0.5,0.73,0.32,0.05,0.17,2016,,,
109,110,Bangladesh,Southern Asia,4.6,0.54,0.25,0.53,0.4,0.13,0.19,2016,,,
110,111,Sierra Leone,Sub-Saharan Africa,4.6,0.36,0.63,0,0.31,0.08,0.24,2016,,,
111,112,Iraq,Middle East and Northern Africa,4.6,1.07,0.59,0.51,0.25,0.14,0.2,2016,,,
112,113,Namibia,Sub-Saharan Africa,4.6,0.93,0.7,0.35,0.49,0.1,0.08,2016,,,
113,114,Cameroon,Sub-Saharan Africa,4.5,0.52,0.63,0.13,0.43,0.06,0.23,2016,,,
114,115,Ethiopia,Sub-Saharan Africa,4.5,0.29,0.38,0.35,0.37,0.17,0.3,2016,,,
115,116,South Africa,Sub-Saharan Africa,4.5,1.02,0.96,0.19,0.42,0.08,0.14,2016,,,
116,117,Sri Lanka,Southern Asia,4.4,0.97,0.85,0.62,0.51,0.08,0.47,2016,,,
117,118,India,Southern Asia,4.4,0.74,0.29,0.45,0.4,0.09,0.25,2016,,,
118,119,Myanmar,Southeast Asia,4.4,0.34,0.7,0.4,0.43,0.2,0.82,2016,,,
119,120,Egypt,Middle East and Northern Africa,4.4,0.95,0.5,0.52,0.19,0.1,0.13,2016,,,
120,121,Armenia,Central and Eastern Europe,4.4,0.86,0.62,0.64,0.14,0.04,0.08,2016,,,
121,122,Kenya,Sub-Saharan Africa,4.4,0.52,0.76,0.3,0.41,0.07,0.41,2016,,,
122,123,Ukraine,Central and Eastern Europe,4.3,0.87,1.01,0.59,0.13,0.02,0.2,2016,,,
123,124,Ghana,Sub-Saharan Africa,4.3,0.63,0.49,0.3,0.41,0.03,0.21,2016,,,
124,125,Congo (Kinshasa),Sub-Saharan Africa,4.3,0.06,0.81,0.19,0.16,0.06,0.25,2016,,,
125,126,Georgia,Central and Eastern Europe,4.3,0.84,0.19,0.64,0.32,0.32,0.07,2016,,,
126,127,Congo (Brazzaville),Sub-Saharan Africa,4.2,0.77,0.48,0.28,0.38,0.1,0.12,2016,,,
127,128,Senegal,Sub-Saharan Africa,4.2,0.44,0.77,0.4,0.31,0.12,0.19,2016,,,
128,129,Bulgaria,Central and Eastern Europe,4.2,1.11,0.93,0.68,0.21,0.01,0.13,2016,,,
129,130,Mauritania,Sub-Saharan Africa,4.2,0.61,0.84,0.29,0.13,0.18,0.23,2016,,,
130,131,Zimbabwe,Sub-Saharan Africa,4.2,0.35,0.71,0.16,0.25,0.09,0.19,2016,,,
131,132,Malawi,Sub-Saharan Africa,4.2,0.09,0.15,0.29,0.41,0.08,0.31,2016,,,
132,133,Sudan,Sub-Saharan Africa,4.1,0.63,0.82,0.3,0,0.1,0.18,2016,,,
133,134,Gabon,Sub-Saharan Africa,4.1,1.16,0.72,0.35,0.28,0.09,0.06,2016,,,
134,135,Mali,Sub-Saharan Africa,4.1,0.31,0.86,0.16,0.28,0.14,0.21,2016,,,
135,136,Haiti,Latin America and Caribbean,4,0.34,0.3,0.27,0.12,0.14,0.48,2016,,,
136,137,Botswana,Sub-Saharan Africa,4,1.09,0.89,0.35,0.44,0.11,0.12,2016,,,
137,138,Comoros,Sub-Saharan Africa,4,0.28,0.6,0.3,0.15,0.18,0.18,2016,,,
138,139,Ivory Coast,Sub-Saharan Africa,3.9,0.56,0.58,0.04,0.41,0.16,0.2,2016,,,
139,140,Cambodia,Southeast Asia,3.9,0.56,0.54,0.42,0.59,0.08,0.4,2016,,,
140,141,Angola,Sub-Saharan Africa,3.9,0.85,0.66,0.05,0.01,0.08,0.12,2016,,,
141,142,Niger,Sub-Saharan Africa,3.9,0.13,0.61,0.26,0.38,0.17,0.21,2016,,,
142,143,South Sudan,Sub-Saharan Africa,3.8,0.39,0.19,0.16,0.2,0.13,0.26,2016,,,
143,144,Chad,Sub-Saharan Africa,3.8,0.42,0.63,0.04,0.13,0.05,0.19,2016,,,
144,145,Burkina Faso,Sub-Saharan Africa,3.7,0.32,0.63,0.21,0.33,0.13,0.24,2016,,,
145,145,Uganda,Sub-Saharan Africa,3.7,0.35,0.91,0.2,0.44,0.06,0.27,2016,,,
146,147,Yemen,Middle East and Northern Africa,3.7,0.58,0.47,0.31,0.23,0.06,0.1,2016,,,
147,148,Madagascar,Sub-Saharan Africa,3.7,0.28,0.46,0.37,0.14,0.08,0.22,2016,,,
148,149,Tanzania,Sub-Saharan Africa,3.7,0.47,0.78,0.36,0.32,0.05,0.31,2016,,,
149,150,Liberia,Sub-Saharan Africa,3.6,0.11,0.5,0.23,0.26,0.05,0.24,2016,,,
150,151,Guinea,Sub-Saharan Africa,3.6,0.22,0.31,0.19,0.31,0.12,0.3,2016,,,
151,152,Rwanda,Sub-Saharan Africa,3.5,0.33,0.62,0.32,0.54,0.51,0.24,2016,,,
152,153,Benin,Sub-Saharan Africa,3.5,0.39,0.1,0.21,0.4,0.07,0.2,2016,,,
153,154,Afghanistan,Southern Asia,3.4,0.38,0.11,0.17,0.16,0.07,0.31,2016,,,
154,155,Togo,Sub-Saharan Africa,3.3,0.28,0,0.25,0.35,0.12,0.18,2016,,,
155,156,Syria,Middle East and Northern Africa,3.1,0.75,0.15,0.63,0.07,0.17,0.48,2016,,,
156,157,Burundi,Sub-Saharan Africa,2.9,0.07,0.23,0.16,0.04,0.09,0.2,2016,,,
0,1,Norway,Western Europe,7.5,1.62,1.53,0.8,0.64,0.32,0.36,2017,,,
1,2,Denmark,Western Europe,7.5,1.48,1.55,0.79,0.63,0.4,0.36,2017,,,
2,3,Iceland,Western Europe,7.5,1.48,1.61,0.83,0.63,0.15,0.48,2017,,,
3,4,Switzerland,Western Europe,7.5,1.56,1.52,0.86,0.62,0.37,0.29,2017,,,
4,5,Finland,Western Europe,7.5,1.44,1.54,0.81,0.62,0.38,0.25,2017,,,
5,6,Netherlands,Western Europe,7.4,1.5,1.43,0.81,0.59,0.28,0.47,2017,,,
6,7,Canada,North America,7.3,1.48,1.48,0.83,0.61,0.29,0.44,2017,,,
7,8,New Zealand,Australia and New Zealand,7.3,1.41,1.55,0.82,0.61,0.38,0.5,2017,,,
8,9,Sweden,Western Europe,7.3,1.49,1.48,0.83,0.61,0.38,0.39,2017,,,
9,10,Australia,Australia and New Zealand,7.3,1.48,1.51,0.84,0.6,0.3,0.48,2017,,,
10,11,Israel,Middle East and Northern Africa,7.2,1.38,1.38,0.84,0.41,0.09,0.33,2017,,,
11,12,Costa Rica,Latin America and Caribbean,7.1,1.11,1.42,0.76,0.58,0.1,0.21,2017,,,
12,13,Austria,Western Europe,7,1.49,1.46,0.82,0.57,0.22,0.32,2017,,,
13,14,United States,North America,7,1.55,1.42,0.77,0.51,0.14,0.39,2017,,,
14,15,Ireland,Western Europe,7,1.54,1.56,0.81,0.57,0.3,0.43,2017,,,
15,16,Germany,Western Europe,7,1.49,1.47,0.8,0.56,0.28,0.34,2017,,,
16,17,Belgium,Western Europe,6.9,1.46,1.46,0.82,0.54,0.25,0.23,2017,,,
17,18,Luxembourg,Western Europe,6.9,1.74,1.46,0.85,0.6,0.32,0.28,2017,,,
18,19,United Kingdom,Western Europe,6.7,1.44,1.5,0.81,0.51,0.27,0.49,2017,,,
19,20,Chile,Latin America and Caribbean,6.7,1.25,1.28,0.82,0.38,0.08,0.33,2017,,,
20,21,United Arab Emirates,Middle East and Northern Africa,6.7,1.63,1.27,0.73,0.61,0.32,0.36,2017,,,
21,22,Brazil,Latin America and Caribbean,6.6,1.11,1.43,0.62,0.44,0.11,0.16,2017,,,
22,23,Czech Republic,Central and Eastern Europe,6.6,1.35,1.43,0.75,0.49,0.04,0.09,2017,,,
23,24,Argentina,Latin America and Caribbean,6.6,1.19,1.44,0.7,0.49,0.06,0.11,2017,,,
24,25,Mexico,Latin America and Caribbean,6.6,1.15,1.21,0.71,0.41,0.13,0.12,2017,,,
25,26,Singapore,Southeast Asia,6.6,1.69,1.35,0.95,0.55,0.46,0.35,2017,,,
26,27,Malta,Western Europe,6.5,1.34,1.49,0.82,0.59,0.15,0.57,2017,,,
27,28,Uruguay,Latin America and Caribbean,6.5,1.22,1.41,0.72,0.58,0.18,0.18,2017,,,
28,29,Guatemala,Latin America and Caribbean,6.5,0.87,1.26,0.54,0.53,0.08,0.28,2017,,,
29,30,Panama,Latin America and Caribbean,6.5,1.23,1.37,0.71,0.55,0.07,0.21,2017,,,
30,31,France,Western Europe,6.4,1.43,1.39,0.84,0.47,0.17,0.13,2017,,,
31,32,Thailand,Southeast Asia,6.4,1.13,1.43,0.65,0.58,0.03,0.57,2017,,,
32,33,Taiwan Province of China,Eastern Asia,6.4,1.43,1.38,0.79,0.36,0.06,0.26,2017,,,
33,34,Spain,Western Europe,6.4,1.38,1.53,0.89,0.41,0.07,0.19,2017,,,
34,35,Qatar,Middle East and Northern Africa,6.4,1.87,1.27,0.71,0.6,0.44,0.33,2017,,,
35,36,Colombia,Latin America and Caribbean,6.4,1.07,1.4,0.6,0.48,0.05,0.15,2017,,,
36,37,Saudi Arabia,Middle East and Northern Africa,6.3,1.53,1.29,0.59,0.45,0.27,0.15,2017,,,
37,38,Trinidad and Tobago,Latin America and Caribbean,6.2,1.36,1.38,0.52,0.52,0.01,0.33,2017,,,
38,39,Kuwait,Middle East and Northern Africa,6.1,1.63,1.26,0.63,0.5,0.22,0.23,2017,,,
39,40,Slovakia,Central and Eastern Europe,6.1,1.33,1.51,0.71,0.3,0.02,0.14,2017,,,
40,41,Bahrain,Middle East and Northern Africa,6.1,1.49,1.32,0.65,0.54,0.26,0.17,2017,,,
41,42,Malaysia,Southeast Asia,6.1,1.29,1.28,0.62,0.4,0.07,0.42,2017,,,
42,43,Nicaragua,Latin America and Caribbean,6.1,0.74,1.29,0.65,0.45,0.13,0.3,2017,,,
43,44,Ecuador,Latin America and Caribbean,6,1,1.29,0.69,0.46,0.14,0.15,2017,,,
44,45,El Salvador,Latin America and Caribbean,6,0.91,1.18,0.6,0.43,0.09,0.08,2017,,,
45,46,Poland,Central and Eastern Europe,6,1.29,1.45,0.7,0.52,0.06,0.16,2017,,,
46,47,Uzbekistan,Central and Eastern Europe,6,0.79,1.55,0.5,0.66,0.25,0.42,2017,,,
47,48,Italy,Western Europe,6,1.4,1.44,0.85,0.26,0.03,0.17,2017,,,
48,49,Russia,Central and Eastern Europe,6,1.28,1.47,0.55,0.37,0.03,0.05,2017,,,
49,50,Belize,Central America,6,0.91,1.08,0.45,0.55,0.1,0.24,2017,,,
50,51,Japan,Eastern Asia,5.9,1.42,1.44,0.91,0.51,0.16,0.12,2017,,,
51,52,Lithuania,Central and Eastern Europe,5.9,1.31,1.47,0.63,0.23,0.01,0.01,2017,,,
52,53,Algeria,Middle East and Northern Africa,5.9,1.09,1.15,0.62,0.23,0.15,0.07,2017,,,
53,54,Latvia,Central and Eastern Europe,5.9,1.26,1.4,0.64,0.33,0.07,0.15,2017,,,
54,55,South Korea,Eastern Asia,5.8,1.4,1.13,0.9,0.26,0.06,0.21,2017,,,
55,56,Moldova,Central and Eastern Europe,5.8,0.73,1.25,0.59,0.24,0.01,0.21,2017,,,
56,57,Romania,Central and Eastern Europe,5.8,1.22,1.15,0.69,0.46,0,0.13,2017,,,
57,58,Bolivia,Latin America and Caribbean,5.8,0.83,1.23,0.47,0.56,0.06,0.23,2017,,,
58,59,Turkmenistan,Central Asia ,5.8,1.13,1.49,0.44,0.42,0.26,0.25,2017,,,
59,60,Kazakhstan,Central and Eastern Europe,5.8,1.28,1.38,0.61,0.44,0.12,0.2,2017,,,
60,61,North Cyprus,Western Europe,5.8,1.35,1.19,0.83,0.47,0.16,0.27,2017,,,
61,62,Slovenia,Central and Eastern Europe,5.8,1.34,1.45,0.79,0.57,0.05,0.24,2017,,,
62,63,Peru,Latin America and Caribbean,5.7,1.04,1.22,0.63,0.45,0.05,0.13,2017,,,
63,64,Mauritius,Sub-Saharan Africa,5.6,1.19,1.21,0.64,0.49,0.04,0.36,2017,,,
64,65,Cyprus,Western Europe,5.6,1.36,1.13,0.84,0.36,0.04,0.27,2017,,,
65,66,Estonia,Central and Eastern Europe,5.6,1.32,1.48,0.7,0.48,0.18,0.1,2017,,,
66,67,Belarus,Central and Eastern Europe,5.6,1.16,1.44,0.64,0.3,0.16,0.16,2017,,,
67,68,Libya,Middle East and Northern Africa,5.5,1.1,1.36,0.52,0.47,0.09,0.15,2017,,,
68,69,Turkey,Middle East and Northern Africa,5.5,1.2,1.34,0.64,0.3,0.1,0.05,2017,,,
69,70,Paraguay,Latin America and Caribbean,5.5,0.93,1.51,0.58,0.47,0.09,0.22,2017,,,
70,71,Hong Kong,eastern Asia,5.5,1.55,1.26,0.94,0.49,0.29,0.37,2017,,,
71,72,Philippines,Southeast Asia,5.4,0.86,1.25,0.47,0.59,0.1,0.19,2017,,,
72,73,Serbia,Central and Eastern Europe,5.4,1.07,1.26,0.65,0.21,0.04,0.22,2017,,,
73,74,Jordan,Middle East and Northern Africa,5.3,0.99,1.24,0.6,0.42,0.12,0.17,2017,,,
74,75,Hungary,Central and Eastern Europe,5.3,1.29,1.34,0.69,0.18,0.04,0.08,2017,,,
75,76,Jamaica,Latin America and Caribbean,5.3,0.93,1.37,0.64,0.47,0.06,0.23,2017,,,
76,77,Croatia,Central and Eastern Europe,5.3,1.22,0.97,0.7,0.26,0.04,0.25,2017,,,
77,78,Kosovo,Central and Eastern Europe,5.3,0.95,1.14,0.54,0.26,0.06,0.32,2017,,,
78,79,China,Eastern Asia,5.3,1.08,1.16,0.74,0.47,0.02,0.03,2017,,,
79,80,Pakistan,Southern Asia,5.3,0.73,0.67,0.4,0.24,0.12,0.32,2017,,,
80,81,Indonesia,Southeast Asia,5.3,1,1.27,0.49,0.44,0.02,0.61,2017,,,
81,82,Venezuela,Latin America and Caribbean,5.3,1.13,1.43,0.62,0.15,0.06,0.07,2017,,,
82,83,Montenegro,Central and Eastern Europe,5.2,1.12,1.24,0.67,0.19,0.09,0.2,2017,,,
83,84,Morocco,Middle East and Northern Africa,5.2,0.88,0.77,0.6,0.41,0.09,0.03,2017,,,
84,85,Azerbaijan,Central and Eastern Europe,5.2,1.15,1.15,0.54,0.4,0.18,0.05,2017,,,
85,86,Dominican Republic,Latin America and Caribbean,5.2,1.08,1.4,0.57,0.55,0.11,0.19,2017,,,
86,87,Greece,Western Europe,5.2,1.29,1.24,0.81,0.1,0.04,0,2017,,,
87,88,Lebanon,Middle East and Northern Africa,5.2,1.07,1.13,0.74,0.29,0.04,0.26,2017,,,
88,89,Portugal,Western Europe,5.2,1.32,1.37,0.8,0.5,0.02,0.1,2017,,,
89,90,Bosnia and Herzegovina,Central and Eastern Europe,5.2,0.98,1.07,0.71,0.2,0,0.33,2017,,,
90,91,Honduras,Latin America and Caribbean,5.2,0.73,1.14,0.58,0.35,0.07,0.24,2017,,,
91,92,Macedonia,Central and Eastern Europe,5.2,1.06,1.21,0.64,0.33,0.06,0.25,2017,,,
92,93,Somalia,Sub-Saharan Africa,5.2,0.02,0.72,0.11,0.6,0.28,0.29,2017,,,
93,94,Vietnam,Southeast Asia,5.1,0.79,1.28,0.65,0.57,0.09,0.23,2017,,,
94,95,Nigeria,Sub-Saharan Africa,5.1,0.78,1.22,0.06,0.39,0.03,0.23,2017,,,
95,96,Tajikistan,Central and Eastern Europe,5,0.52,1.27,0.53,0.47,0.15,0.25,2017,,,
96,97,Bhutan,Southern Asia,5,0.89,1.34,0.5,0.5,0.17,0.47,2017,,,
97,98,Kyrgyzstan,Central and Eastern Europe,5,0.6,1.39,0.55,0.45,0.04,0.43,2017,,,
98,99,Nepal,Southern Asia,5,0.48,1.18,0.5,0.44,0.07,0.39,2017,,,
99,100,Mongolia,Eastern Asia,5,1.03,1.49,0.56,0.39,0.03,0.34,2017,,,
100,101,South Africa,Sub-Saharan Africa,4.8,1.05,1.38,0.19,0.48,0.07,0.14,2017,,,
101,102,Tunisia,Middle East and Northern Africa,4.8,1.01,0.87,0.61,0.29,0.09,0.05,2017,,,
102,103,Palestinian Territories,Middle East and Northern Africa,4.8,0.72,1.16,0.57,0.25,0.09,0.11,2017,,,
103,104,Egypt,Middle East and Northern Africa,4.7,0.99,1,0.52,0.28,0.11,0.13,2017,,,
104,105,Bulgaria,Central and Eastern Europe,4.7,1.16,1.43,0.71,0.29,0.01,0.11,2017,,,
105,106,Sierra Leone,Sub-Saharan Africa,4.7,0.37,0.98,0.01,0.32,0.07,0.29,2017,,,
106,107,Cameroon,Sub-Saharan Africa,4.7,0.56,0.95,0.13,0.43,0.05,0.24,2017,,,
107,108,Iran,Middle East and Northern Africa,4.7,1.16,0.71,0.64,0.25,0.05,0.39,2017,,,
108,109,Albania,Central and Eastern Europe,4.6,1,0.8,0.73,0.38,0.04,0.2,2017,,,
109,110,Bangladesh,Southern Asia,4.6,0.59,0.74,0.53,0.48,0.12,0.17,2017,,,
110,111,Namibia,Sub-Saharan Africa,4.6,0.96,1.1,0.34,0.52,0.09,0.08,2017,,,
111,112,Kenya,Sub-Saharan Africa,4.6,0.56,1.07,0.31,0.45,0.06,0.44,2017,,,
112,113,Mozambique,Sub-Saharan Africa,4.6,0.23,0.87,0.11,0.48,0.18,0.32,2017,,,
113,114,Myanmar,Southeast Asia,4.6,0.37,1.12,0.4,0.51,0.19,0.84,2017,,,
114,115,Senegal,Sub-Saharan Africa,4.5,0.48,1.18,0.41,0.38,0.12,0.18,2017,,,
115,116,Zambia,Sub-Saharan Africa,4.5,0.64,1,0.26,0.46,0.08,0.25,2017,,,
116,117,Iraq,Middle East and Northern Africa,4.5,1.1,0.98,0.5,0.29,0.11,0.2,2017,,,
117,118,Gabon,Sub-Saharan Africa,4.5,1.2,1.16,0.36,0.31,0.08,0.04,2017,,,
118,119,Ethiopia,Sub-Saharan Africa,4.5,0.34,0.86,0.35,0.41,0.17,0.31,2017,,,
119,120,Sri Lanka,Southern Asia,4.4,1.01,1.26,0.63,0.56,0.07,0.49,2017,,,
120,121,Armenia,Central and Eastern Europe,4.4,0.9,1.01,0.64,0.2,0.03,0.08,2017,,,
121,122,India,Southern Asia,4.3,0.79,0.75,0.46,0.47,0.09,0.23,2017,,,
122,123,Mauritania,Sub-Saharan Africa,4.3,0.65,1.27,0.29,0.1,0.14,0.2,2017,,,
123,124,Congo (Brazzaville),Sub-Saharan Africa,4.3,0.81,0.83,0.29,0.44,0.08,0.12,2017,,,
124,125,Georgia,Central and Eastern Europe,4.3,0.95,0.57,0.65,0.31,0.25,0.05,2017,,,
125,126,Congo (Kinshasa),Sub-Saharan Africa,4.3,0.09,1.23,0.19,0.24,0.06,0.25,2017,,,
126,127,Mali,Sub-Saharan Africa,4.2,0.48,1.28,0.17,0.31,0.1,0.18,2017,,,
127,128,Ivory Coast,Sub-Saharan Africa,4.2,0.6,0.9,0.05,0.45,0.13,0.2,2017,,,
128,129,Cambodia,Southeast Asia,4.2,0.6,1.01,0.43,0.63,0.07,0.39,2017,,,
129,130,Sudan,Sub-Saharan Africa,4.1,0.66,1.21,0.29,0.01,0.09,0.18,2017,,,
130,131,Ghana,Sub-Saharan Africa,4.1,0.67,0.87,0.3,0.42,0.03,0.26,2017,,,
131,132,Ukraine,Central and Eastern Europe,4.1,0.89,1.39,0.58,0.12,0.02,0.27,2017,,,
132,133,Uganda,Sub-Saharan Africa,4.1,0.38,1.13,0.22,0.44,0.06,0.33,2017,,,
133,134,Burkina Faso,Sub-Saharan Africa,4,0.35,1.04,0.22,0.32,0.12,0.25,2017,,,
134,135,Niger,Sub-Saharan Africa,4,0.16,0.99,0.27,0.36,0.14,0.23,2017,,,
135,136,Malawi,Sub-Saharan Africa,4,0.23,0.51,0.32,0.47,0.07,0.29,2017,,,
136,137,Chad,Sub-Saharan Africa,3.9,0.44,0.95,0.04,0.16,0.05,0.22,2017,,,
137,138,Zimbabwe,Sub-Saharan Africa,3.9,0.38,1.08,0.2,0.34,0.1,0.19,2017,,,
138,139,Lesotho,Sub-Saharan Africa,3.8,0.52,1.19,0,0.39,0.12,0.16,2017,,,
139,140,Angola,Sub-Saharan Africa,3.8,0.86,1.1,0.05,0,0.07,0.1,2017,,,
140,141,Afghanistan,Southern Asia,3.8,0.4,0.58,0.18,0.11,0.06,0.31,2017,,,
141,142,Botswana,Sub-Saharan Africa,3.8,1.12,1.22,0.34,0.51,0.1,0.1,2017,,,
142,143,Benin,Sub-Saharan Africa,3.7,0.43,0.44,0.21,0.43,0.06,0.21,2017,,,
143,144,Madagascar,Sub-Saharan Africa,3.6,0.31,0.91,0.38,0.19,0.07,0.21,2017,,,
144,145,Haiti,Latin America and Caribbean,3.6,0.37,0.64,0.28,0.03,0.1,0.49,2017,,,
145,146,Yemen,Middle East and Northern Africa,3.6,0.59,0.94,0.31,0.25,0.06,0.1,2017,,,
146,147,South Sudan,Sub-Saharan Africa,3.6,0.4,0.6,0.16,0.15,0.12,0.29,2017,,,
147,148,Liberia,Sub-Saharan Africa,3.5,0.12,0.87,0.23,0.33,0.04,0.27,2017,,,
148,149,Guinea,Sub-Saharan Africa,3.5,0.24,0.79,0.19,0.35,0.11,0.26,2017,,,
149,150,Togo,Sub-Saharan Africa,3.5,0.31,0.43,0.25,0.38,0.1,0.2,2017,,,
150,151,Rwanda,Sub-Saharan Africa,3.5,0.37,0.95,0.33,0.58,0.46,0.25,2017,,,
151,152,Syria,Middle East and Northern Africa,3.5,0.78,0.4,0.5,0.08,0.15,0.49,2017,,,
152,153,Tanzania,Sub-Saharan Africa,3.4,0.51,1.04,0.36,0.39,0.07,0.35,2017,,,
153,154,Burundi,Sub-Saharan Africa,2.9,0.09,0.63,0.15,0.06,0.08,0.2,2017,,,
154,155,Central African Republic,Sub-Saharan Africa,2.7,0,0,0.02,0.27,0.06,0.28,2017,,,
0,1,Finland,Western Europe,7.6,1.31,1.59,0.87,0.68,0.39,0.2,2018,,,
1,2,Norway,Western Europe,7.6,1.46,1.58,0.86,0.69,0.34,0.29,2018,,,
2,3,Denmark,Western Europe,7.6,1.35,1.59,0.87,0.68,0.41,0.28,2018,,,
3,4,Iceland,Western Europe,7.5,1.34,1.64,0.91,0.68,0.14,0.35,2018,,,
4,5,Switzerland,Western Europe,7.5,1.42,1.55,0.93,0.66,0.36,0.26,2018,,,
5,6,Netherlands,Western Europe,7.4,1.36,1.49,0.88,0.64,0.3,0.33,2018,,,
6,7,Canada,North America,7.3,1.33,1.53,0.9,0.65,0.29,0.32,2018,,,
7,8,New Zealand,Australia and New Zealand,7.3,1.27,1.6,0.88,0.67,0.39,0.37,2018,,,
8,9,Sweden,Western Europe,7.3,1.36,1.5,0.91,0.66,0.38,0.29,2018,,,
9,10,Australia,Australia and New Zealand,7.3,1.34,1.57,0.91,0.65,0.3,0.36,2018,,,
10,11,United Kingdom,Western Europe,7.2,1.24,1.43,0.89,0.46,0.08,0.26,2018,,,
11,12,Austria,Western Europe,7.1,1.34,1.5,0.89,0.62,0.22,0.24,2018,,,
12,13,Costa Rica,Latin America and Caribbean,7.1,1.01,1.46,0.82,0.63,0.1,0.14,2018,,,
13,14,Ireland,Western Europe,7,1.45,1.58,0.88,0.61,0.31,0.31,2018,,,
14,15,Germany,Western Europe,7,1.34,1.47,0.86,0.59,0.28,0.27,2018,,,
15,16,Belgium,Western Europe,6.9,1.32,1.48,0.89,0.58,0.24,0.19,2018,,,
16,17,Luxembourg,Western Europe,6.9,1.58,1.52,0.9,0.63,0.32,0.2,2018,,,
17,18,United States,North America,6.9,1.4,1.47,0.82,0.55,0.13,0.29,2018,,,
18,19,Israel,Middle East and Northern Africa,6.8,1.3,1.56,0.88,0.53,0.27,0.35,2018,,,
20,21,Czech Republic,Central and Eastern Europe,6.7,1.23,1.49,0.85,0.54,0.03,0.06,2018,,,
21,22,Malta,Western Europe,6.6,1.27,1.53,0.88,0.65,0.14,0.38,2018,,,
22,23,France,Western Europe,6.5,1.29,1.47,0.91,0.52,0.18,0.1,2018,,,
23,24,Mexico,Latin America and Caribbean,6.5,1.04,1.25,0.76,0.48,0.1,0.07,2018,,,
24,25,Chile,Latin America and Caribbean,6.5,1.13,1.33,0.81,0.43,0.06,0.2,2018,,,
25,26,Taiwan,Eastern Asia,6.4,1.37,1.44,0.86,0.42,0.08,0.15,2018,,,
26,27,Panama,Latin America and Caribbean,6.4,1.11,1.44,0.76,0.6,0.06,0.13,2018,,,
27,28,Brazil,Latin America and Caribbean,6.4,0.99,1.47,0.68,0.49,0.09,0.11,2018,,,
28,29,Argentina,Latin America and Caribbean,6.4,1.07,1.47,0.74,0.57,0.05,0.06,2018,,,
29,30,Guatemala,Latin America and Caribbean,6.4,0.78,1.27,0.61,0.6,0.07,0.18,2018,,,
30,31,Uruguay,Latin America and Caribbean,6.4,1.09,1.46,0.77,0.63,0.16,0.13,2018,,,
31,32,Qatar,Middle East and Northern Africa,6.4,1.65,1.3,0.75,0.65,0.17,0.26,2018,,,
32,33,Saudi Arabia,Middle East and Northern Africa,6.4,1.38,1.33,0.63,0.51,0.13,0.1,2018,,,
33,34,Singapore,Southeast Asia,6.3,1.53,1.45,1.01,0.63,0.46,0.26,2018,,,
34,35,Malaysia,Southeast Asia,6.3,1.16,1.26,0.67,0.36,0.06,0.31,2018,,,
35,36,Spain,Western Europe,6.3,1.25,1.54,0.97,0.45,0.07,0.14,2018,,,
36,37,Colombia,Latin America and Caribbean,6.3,0.96,1.44,0.64,0.53,0.04,0.1,2018,,,
37,38,Trinidad and Tobago,south-east,6.2,1.22,1.49,0.56,0.58,0.02,0.17,2018,,,
38,39,Slovakia,Central and Eastern Europe,6.2,1.21,1.54,0.78,0.35,0.01,0.12,2018,,,
39,40,El Salvador,Latin America and Caribbean,6.2,0.81,1.23,0.64,0.46,0.08,0.07,2018,,,
40,41,Nicaragua,Latin America and Caribbean,6.1,0.67,1.32,0.7,0.53,0.13,0.21,2018,,,
41,42,Poland,Central and Eastern Europe,6.1,1.18,1.45,0.78,0.55,0.06,0.11,2018,,,
42,43,Bahrain,Middle East and Northern Africa,6.1,1.34,1.37,0.7,0.59,0.12,0.24,2018,,,
43,44,Uzbekistan,Central and Eastern Europe,6.1,0.72,1.58,0.61,0.72,0.26,0.33,2018,,,
44,45,Kuwait,Middle East and Northern Africa,6.1,1.47,1.3,0.68,0.55,0.11,0.17,2018,,,
45,46,Thailand,Southeast Asia,6.1,1.02,1.42,0.71,0.64,0.03,0.36,2018,,,
46,47,Italy,Western Europe,6,1.26,1.5,0.95,0.28,0.03,0.14,2018,,,
47,48,Ecuador,Latin America and Caribbean,6,0.89,1.33,0.74,0.56,0.12,0.11,2018,,,
48,49,Belize,Central America,6,0.81,1.1,0.47,0.59,0.09,0.18,2018,,,
49,50,Lithuania,Central and Eastern Europe,6,1.2,1.53,0.72,0.35,0.01,0.03,2018,,,
50,51,Slovenia,Central and Eastern Europe,6,1.22,1.51,0.86,0.63,0.05,0.16,2018,,,
51,52,Romania,Central and Eastern Europe,6,1.12,1.22,0.73,0.53,0,0.09,2018,,,
52,53,Latvia,Central and Eastern Europe,5.9,1.15,1.45,0.67,0.36,0.07,0.09,2018,,,
53,54,Japan,Eastern Asia,5.9,1.29,1.46,0.99,0.55,0.15,0.08,2018,,,
54,55,Mauritius,Sub-Saharan Africa,5.9,1.09,1.39,0.68,0.58,0.05,0.25,2018,,,
55,56,Jamaica,Latin America and Caribbean,5.9,0.82,1.49,0.69,0.58,0.03,0.1,2018,,,
56,57,South Korea,Eastern Asia,5.9,1.27,1.2,0.96,0.24,0.05,0.18,2018,,,
57,58,Northern Cyprus, northeastern portion of the island,5.8,1.23,1.21,0.91,0.5,0.15,0.18,2018,,,
58,59,Russia,Central and Eastern Europe,5.8,1.15,1.48,0.6,0.4,0.03,0.07,2018,,,
59,60,Kazakhstan,Central and Eastern Europe,5.8,1.14,1.52,0.63,0.45,0.12,0.15,2018,,,
60,61,Cyprus,Western Europe,5.8,1.23,1.19,0.91,0.42,0.04,0.2,2018,,,
61,62,Bolivia,Latin America and Caribbean,5.8,0.75,1.22,0.51,0.61,0.05,0.14,2018,,,
62,63,Estonia,Central and Eastern Europe,5.7,1.2,1.53,0.74,0.55,0.17,0.09,2018,,,
63,64,Paraguay,Latin America and Caribbean,5.7,0.84,1.52,0.62,0.54,0.07,0.16,2018,,,
64,65,Peru,Latin America and Caribbean,5.7,0.93,1.25,0.67,0.53,0.03,0.09,2018,,,
65,66,Kosovo,Central and Eastern Europe,5.7,0.86,1.23,0.58,0.45,0.02,0.27,2018,,,
66,67,Moldova,Central and Eastern Europe,5.6,0.66,1.3,0.62,0.23,0,0.17,2018,,,
67,68,Turkmenistan,Central Asia ,5.6,1.02,1.53,0.52,0.42,0.04,0.2,2018,,,
68,69,Hungary,Central and Eastern Europe,5.6,1.17,1.4,0.73,0.26,0.02,0.06,2018,,,
69,70,Libya,Middle East and Northern Africa,5.6,0.99,1.35,0.55,0.5,0.15,0.12,2018,,,
70,71,Philippines,Southeast Asia,5.5,0.78,1.31,0.51,0.64,0.11,0.12,2018,,,
71,72,Honduras,Latin America and Caribbean,5.5,0.62,1.21,0.62,0.46,0.07,0.2,2018,,,
72,73,Belarus,Central and Eastern Europe,5.5,1.04,1.5,0.7,0.31,0.15,0.1,2018,,,
73,74,Turkey,Middle East and Northern Africa,5.5,1.15,1.38,0.69,0.32,0.11,0.11,2018,,,
74,75,Pakistan,Southern Asia,5.5,0.65,0.81,0.42,0.33,0.11,0.22,2018,,,
75,76,Hong Kong,Eastern Asia,5.4,1.41,1.29,1.03,0.52,0.29,0.25,2018,,,
76,77,Portugal,Western Europe,5.4,1.19,1.43,0.88,0.56,0.02,0.06,2018,,,
77,78,Serbia,Central and Eastern Europe,5.4,0.98,1.37,0.69,0.29,0.04,0.13,2018,,,
78,79,Greece,Western Europe,5.4,1.15,1.2,0.88,0.13,0.04,0,2018,,,
79,80,Lebanon,Middle East and Northern Africa,5.4,0.97,1.18,0.79,0.5,0.14,0.21,2018,,,
80,81,Montenegro,Central and Eastern Europe,5.4,1.02,1.28,0.73,0.26,0.08,0.11,2018,,,
81,82,Croatia,Central and Eastern Europe,5.3,1.12,1.16,0.74,0.38,0.04,0.12,2018,,,
82,83,Dominican Republic,Latin America and Caribbean,5.3,0.98,1.44,0.61,0.58,0.11,0.12,2018,,,
83,84,Algeria,Middle East and Northern Africa,5.3,0.98,1.15,0.69,0.08,0.14,0.06,2018,,,
84,85,Morocco,Middle East and Northern Africa,5.3,0.78,0.8,0.67,0.46,0.07,0.03,2018,,,
85,86,China,Eastern Asia,5.3,0.99,1.14,0.8,0.6,0.1,0.03,2018,,,
86,87,Azerbaijan,Central and Eastern Europe,5.2,1.02,1.16,0.6,0.43,0.18,0.03,2018,,,
87,88,Tajikistan,Central and Eastern Europe,5.2,0.47,1.17,0.6,0.29,0.03,0.19,2018,,,
88,89,Macedonia,Central and Eastern Europe,5.2,0.96,1.24,0.69,0.39,0.05,0.17,2018,,,
89,90,Jordan,Middle East and Northern Africa,5.2,0.82,1.27,0.65,0.47,0.13,0.13,2018,,,
90,91,Nigeria,Sub-Saharan Africa,5.2,0.69,1.17,0.05,0.46,0.03,0.2,2018,,,
91,92,Kyrgyzstan,Central and Eastern Europe,5.1,0.53,1.42,0.59,0.54,0.04,0.28,2018,,,
92,93,Bosnia and Herzegovina,Central and Eastern Europe,5.1,0.92,1.08,0.76,0.28,0,0.22,2018,,,
93,94,Mongolia,Eastern Asia,5.1,0.91,1.52,0.58,0.4,0.03,0.25,2018,,,
94,95,Vietnam,Southeast Asia,5.1,0.72,1.37,0.7,0.62,0.08,0.18,2018,,,
95,96,Indonesia,Southeast Asia,5.1,0.9,1.22,0.52,0.54,0.02,0.48,2018,,,
96,97,Bhutan,Southern Asia,5.1,0.8,1.34,0.53,0.54,0.17,0.36,2018,,,
97,98,Somalia,Sub-Saharan Africa,5,0,0.71,0.12,0.67,0.28,0.24,2018,,,
98,99,Cameroon,Sub-Saharan Africa,5,0.54,0.89,0.18,0.45,0.04,0.18,2018,,,
99,100,Bulgaria,Central and Eastern Europe,4.9,1.05,1.52,0.71,0.36,0.01,0.06,2018,,,
100,101,Nepal,Southern Asia,4.9,0.43,1.23,0.54,0.53,0.08,0.3,2018,,,
101,102,Venezuela,Latin America and Caribbean,4.8,1,1.47,0.66,0.13,0.05,0.06,2018,,,
102,103,Gabon,Sub-Saharan Africa,4.8,1.04,1.16,0.4,0.36,0.05,0.03,2018,,,
103,104,Palestinian Territories,Middle East and Northern Africa,4.7,0.64,1.22,0.6,0.27,0.08,0.09,2018,,,
104,105,South Africa,Sub-Saharan Africa,4.7,0.94,1.41,0.33,0.52,0.06,0.1,2018,,,
105,106,Iran,Middle East and Northern Africa,4.7,1.06,0.77,0.69,0.46,0.13,0.28,2018,,,
106,107,Ivory Coast,Sub-Saharan Africa,4.7,0.54,0.87,0.08,0.47,0.1,0.15,2018,,,
107,108,Ghana,Sub-Saharan Africa,4.7,0.59,0.9,0.34,0.5,0.03,0.21,2018,,,
108,109,Senegal,Sub-Saharan Africa,4.6,0.43,1.12,0.43,0.41,0.08,0.14,2018,,,
109,110,Laos,Southeast Asia,4.6,0.72,1.03,0.44,0.63,0.17,0.23,2018,,,
110,111,Tunisia,Middle East and Northern Africa,4.6,0.9,0.91,0.69,0.27,0.06,0.04,2018,,,
111,112,Albania,Central and Eastern Europe,4.6,0.92,0.82,0.79,0.42,0.03,0.15,2018,,,
112,113,Sierra Leone,Sub-Saharan Africa,4.6,0.26,0.81,0,0.36,0.05,0.24,2018,,,
113,114,Congo (Brazzaville),Sub-Saharan Africa,4.6,0.68,0.81,0.34,0.51,0.08,0.09,2018,,,
114,115,Bangladesh,Southern Asia,4.5,0.53,0.85,0.58,0.58,0.14,0.15,2018,,,
115,116,Sri Lanka,Southern Asia,4.5,0.92,1.31,0.67,0.59,0.05,0.31,2018,,,
116,117,Iraq,Middle East and Northern Africa,4.5,1.01,0.97,0.54,0.3,0.1,0.15,2018,,,
117,118,Mali,Sub-Saharan Africa,4.5,0.37,1.23,0.15,0.37,0.06,0.14,2018,,,
118,119,Namibia,Sub-Saharan Africa,4.4,0.87,1.28,0.37,0.52,0.06,0.05,2018,,,
119,120,Cambodia,Southeast Asia,4.4,0.55,1.09,0.46,0.7,0.07,0.26,2018,,,
120,121,Burkina Faso,Sub-Saharan Africa,4.4,0.31,1.1,0.25,0.31,0.13,0.18,2018,,,
121,122,Egypt,Middle East and Northern Africa,4.4,0.89,1.03,0.55,0.31,0.11,0.09,2018,,,
122,123,Mozambique,Sub-Saharan Africa,4.4,0.2,0.9,0.17,0.53,0.16,0.21,2018,,,
123,124,Kenya,Sub-Saharan Africa,4.4,0.49,1.05,0.45,0.5,0.06,0.35,2018,,,
124,125,Zambia,Sub-Saharan Africa,4.4,0.56,1.05,0.3,0.5,0.08,0.22,2018,,,
125,126,Mauritania,Sub-Saharan Africa,4.4,0.56,1.25,0.29,0.13,0.09,0.13,2018,,,
126,127,Ethiopia,Sub-Saharan Africa,4.4,0.31,0.95,0.39,0.45,0.15,0.22,2018,,,
127,128,Georgia,Central and Eastern Europe,4.3,0.85,0.59,0.64,0.38,0.22,0.04,2018,,,
128,129,Armenia,Central and Eastern Europe,4.3,0.82,0.99,0.67,0.26,0.03,0.08,2018,,,
129,130,Myanmar,Southeast Asia,4.3,0.68,1.17,0.43,0.58,0.18,0.6,2018,,,
130,131,Chad,Sub-Saharan Africa,4.3,0.36,0.91,0.05,0.19,0.06,0.18,2018,,,
131,132,Congo (Kinshasa),Sub-Saharan Africa,4.3,0.07,1.14,0.2,0.31,0.05,0.2,2018,,,
132,133,India,Southern Asia,4.2,0.72,0.75,0.49,0.54,0.09,0.17,2018,,,
133,134,Niger,Sub-Saharan Africa,4.2,0.13,0.87,0.22,0.39,0.1,0.18,2018,,,
134,135,Uganda,Sub-Saharan Africa,4.2,0.32,1.09,0.24,0.45,0.06,0.26,2018,,,
135,136,Benin,Sub-Saharan Africa,4.1,0.38,0.37,0.24,0.44,0.07,0.16,2018,,,
136,137,Sudan,Sub-Saharan Africa,4.1,0.61,1.24,0.31,0.02,0.08,0.13,2018,,,
137,138,Ukraine,Central and Eastern Europe,4.1,0.79,1.41,0.61,0.16,0.01,0.19,2018,,,
138,139,Togo,Sub-Saharan Africa,4,0.26,0.47,0.25,0.43,0.1,0.16,2018,,,
139,140,Guinea,Sub-Saharan Africa,4,0.34,0.79,0.21,0.39,0.09,0.19,2018,,,
140,141,Lesotho,Sub-Saharan Africa,3.8,0.47,1.22,0.08,0.42,0.11,0.12,2018,,,
141,142,Angola,Sub-Saharan Africa,3.8,0.73,1.13,0.27,0,0.06,0.08,2018,,,
142,143,Madagascar,Sub-Saharan Africa,3.8,0.26,0.91,0.4,0.22,0.05,0.16,2018,,,
143,144,Zimbabwe,Sub-Saharan Africa,3.7,0.36,1.09,0.25,0.41,0.1,0.13,2018,,,
144,145,Afghanistan,Southern Asia,3.6,0.33,0.54,0.26,0.09,0.04,0.19,2018,,,
145,146,Botswana,Sub-Saharan Africa,3.6,1.02,1.17,0.42,0.56,0.09,0.04,2018,,,
146,147,Malawi,Sub-Saharan Africa,3.6,0.19,0.54,0.31,0.53,0.08,0.21,2018,,,
147,148,Haiti,Latin America and Caribbean,3.6,0.32,0.71,0.29,0.03,0.1,0.39,2018,,,
148,149,Liberia,Sub-Saharan Africa,3.5,0.08,0.86,0.27,0.42,0.03,0.21,2018,,,
149,150,Syria,Middle East and Northern Africa,3.5,0.69,0.38,0.54,0.09,0.14,0.38,2018,,,
150,151,Rwanda,Sub-Saharan Africa,3.4,0.33,0.9,0.4,0.64,0.44,0.2,2018,,,
151,152,Yemen,Middle East and Northern Africa,3.4,0.44,1.07,0.34,0.24,0.06,0.08,2018,,,
152,153,Tanzania,Sub-Saharan Africa,3.3,0.46,0.99,0.38,0.48,0.1,0.27,2018,,,
153,154,South Sudan,Sub-Saharan Africa,3.3,0.34,0.61,0.18,0.11,0.11,0.22,2018,,,
154,155,Central African Republic,Sub-Saharan Africa,3.1,0.02,0,0.01,0.31,0.04,0.22,2018,,,
155,156,Burundi,Sub-Saharan Africa,2.9,0.09,0.63,0.15,0.07,0.08,0.15,2018,,,
0,1,Finland,Western Europe,7.8,1.34,1.59,0.99,0.6,0.39,0.15,2019,,,
1,2,Denmark,Western Europe,7.6,1.38,1.57,1,0.59,0.41,0.25,2019,,,
2,3,Norway,Western Europe,7.6,1.49,1.58,1.03,0.6,0.34,0.27,2019,,,
3,4,Iceland,Western Europe,7.5,1.38,1.62,1.03,0.59,0.12,0.35,2019,,,
4,5,Netherlands,Western Europe,7.5,1.4,1.52,1,0.56,0.3,0.32,2019,,,
5,6,Switzerland,Western Europe,7.5,1.45,1.53,1.05,0.57,0.34,0.26,2019,,,
6,7,Sweden,Western Europe,7.3,1.39,1.49,1.01,0.57,0.37,0.27,2019,,,
7,8,New Zealand,Australia and New Zealand,7.3,1.3,1.56,1.03,0.59,0.38,0.33,2019,,,
8,9,Canada,North America,7.3,1.37,1.51,1.04,0.58,0.31,0.29,2019,,,
9,10,Austria,Western Europe,7.3,1.38,1.48,1.02,0.53,0.23,0.24,2019,,,
10,11,Australia,Australia and New Zealand,7.2,1.37,1.55,1.04,0.56,0.29,0.33,2019,,,
11,12,Costa Rica,Latin America and Caribbean,7.2,1.03,1.44,0.96,0.56,0.09,0.14,2019,,,
12,13,Israel,Middle East and Northern Africa,7.1,1.28,1.46,1.03,0.37,0.08,0.26,2019,,,
13,14,Luxembourg,Western Europe,7.1,1.61,1.48,1.01,0.53,0.32,0.19,2019,,,
14,15,United Kingdom,Western Europe,7.1,1.33,1.54,1,0.45,0.28,0.35,2019,,,
15,16,Ireland,Western Europe,7,1.5,1.55,1,0.52,0.31,0.3,2019,,,
16,17,Germany,Western Europe,7,1.37,1.45,0.99,0.5,0.27,0.26,2019,,,
17,18,Belgium,Western Europe,6.9,1.36,1.5,0.99,0.47,0.21,0.16,2019,,,
18,19,United States,North America,6.9,1.43,1.46,0.87,0.45,0.13,0.28,2019,,,
19,20,Czech Republic,Central and Eastern Europe,6.9,1.27,1.49,0.92,0.46,0.04,0.05,2019,,,
20,21,United Arab Emirates,Middle East and Northern Africa,6.8,1.5,1.31,0.83,0.6,0.18,0.26,2019,,,
21,22,Malta,Western Europe,6.7,1.3,1.52,1,0.56,0.15,0.38,2019,,,
22,23,Mexico,Latin America and Caribbean,6.6,1.07,1.32,0.86,0.43,0.07,0.07,2019,,,
23,24,France,Western Europe,6.6,1.32,1.47,1.05,0.44,0.18,0.11,2019,,,
24,25,Taiwan,Eastern Asia,6.5,1.37,1.43,0.91,0.35,0.1,0.24,2019,,,
25,26,Chile,Latin America and Caribbean,6.4,1.16,1.37,0.92,0.36,0.06,0.19,2019,,,
26,27,Guatemala,Latin America and Caribbean,6.4,0.8,1.27,0.75,0.54,0.08,0.18,2019,,,
27,28,Saudi Arabia,Middle East and Northern Africa,6.4,1.4,1.36,0.8,0.44,0.13,0.08,2019,,,
28,29,Qatar,Middle East and Northern Africa,6.4,1.68,1.31,0.87,0.56,0.17,0.22,2019,,,
29,30,Spain,Western Europe,6.4,1.29,1.48,1.06,0.36,0.08,0.15,2019,,,
30,31,Panama,Latin America and Caribbean,6.3,1.15,1.44,0.91,0.52,0.05,0.11,2019,,,
31,32,Brazil,Latin America and Caribbean,6.3,1,1.44,0.8,0.39,0.09,0.1,2019,,,
32,33,Uruguay,Latin America and Caribbean,6.3,1.12,1.47,0.89,0.52,0.15,0.13,2019,,,
33,34,Singapore,Southeast Asia,6.3,1.57,1.46,1.14,0.56,0.45,0.27,2019,,,
34,35,El Salvador,Latin America and Caribbean,6.3,0.79,1.24,0.79,0.43,0.07,0.09,2019,,,
35,36,Italy,Western Europe,6.2,1.29,1.49,1.04,0.23,0.03,0.16,2019,,,
36,37,Bahrain,Middle East and Northern Africa,6.2,1.36,1.37,0.87,0.54,0.11,0.26,2019,,,
37,38,Slovakia,Central and Eastern Europe,6.2,1.25,1.5,0.88,0.33,0.01,0.12,2019,,,
38,39,Trinidad and Tobago,south-east,6.2,1.23,1.48,0.71,0.49,0.02,0.19,2019,,,
39,40,Poland,Central and Eastern Europe,6.2,1.21,1.44,0.88,0.48,0.05,0.12,2019,,,
40,41,Uzbekistan,Central and Eastern Europe,6.2,0.75,1.53,0.76,0.63,0.24,0.32,2019,,,
41,42,Lithuania,Central and Eastern Europe,6.2,1.24,1.52,0.82,0.29,0.04,0.04,2019,,,
42,43,Colombia,Latin America and Caribbean,6.1,0.99,1.41,0.84,0.47,0.03,0.1,2019,,,
43,44,Slovenia,Central and Eastern Europe,6.1,1.26,1.52,0.95,0.56,0.06,0.14,2019,,,
44,45,Nicaragua,Latin America and Caribbean,6.1,0.69,1.33,0.84,0.44,0.13,0.2,2019,,,
45,46,Kosovo,Central and Eastern Europe,6.1,0.88,1.23,0.76,0.49,0.01,0.26,2019,,,
46,47,Argentina,Latin America and Caribbean,6.1,1.09,1.43,0.88,0.47,0.05,0.07,2019,,,
47,48,Romania,Central and Eastern Europe,6.1,1.16,1.23,0.83,0.46,0.01,0.08,2019,,,
48,49,Cyprus,Western Europe,6.1,1.26,1.22,1.04,0.41,0.04,0.19,2019,,,
49,50,Ecuador,Latin America and Caribbean,6,0.91,1.31,0.87,0.5,0.09,0.13,2019,,,
50,51,Kuwait,Middle East and Northern Africa,6,1.5,1.32,0.81,0.49,0.1,0.14,2019,,,
51,52,Thailand,Southeast Asia,6,1.05,1.41,0.83,0.56,0.03,0.36,2019,,,
52,53,Latvia,Central and Eastern Europe,5.9,1.19,1.47,0.81,0.26,0.06,0.08,2019,,,
53,54,South Korea,Eastern Asia,5.9,1.3,1.22,1.04,0.16,0.06,0.18,2019,,,
54,55,Estonia,Central and Eastern Europe,5.9,1.24,1.53,0.87,0.5,0.16,0.1,2019,,,
55,56,Jamaica,Latin America and Caribbean,5.9,0.83,1.48,0.83,0.49,0.03,0.11,2019,,,
56,57,Mauritius,Sub-Saharan Africa,5.9,1.12,1.4,0.8,0.5,0.06,0.22,2019,,,
57,58,Japan,Eastern Asia,5.9,1.33,1.42,1.09,0.45,0.14,0.07,2019,,,
58,59,Honduras,Latin America and Caribbean,5.9,0.64,1.24,0.83,0.51,0.08,0.25,2019,,,
59,60,Kazakhstan,Central and Eastern Europe,5.8,1.17,1.51,0.73,0.41,0.1,0.15,2019,,,
60,61,Bolivia,Latin America and Caribbean,5.8,0.78,1.21,0.71,0.51,0.06,0.14,2019,,,
61,62,Hungary,Central and Eastern Europe,5.8,1.2,1.41,0.83,0.2,0.02,0.08,2019,,,
62,63,Paraguay,Latin America and Caribbean,5.7,0.86,1.48,0.78,0.51,0.08,0.18,2019,,,
63,64,Northern Cyprus, northeastern portion of the island,5.7,1.26,1.25,1.04,0.42,0.16,0.19,2019,,,
64,65,Peru,Latin America and Caribbean,5.7,0.96,1.27,0.85,0.46,0.03,0.08,2019,,,
65,66,Portugal,Western Europe,5.7,1.22,1.43,1,0.51,0.03,0.05,2019,,,
66,67,Pakistan,Southern Asia,5.7,0.68,0.89,0.54,0.31,0.1,0.22,2019,,,
67,68,Russia,Central and Eastern Europe,5.7,1.18,1.45,0.73,0.33,0.03,0.08,2019,,,
68,69,Philippines,Southeast Asia,5.6,0.81,1.29,0.66,0.56,0.11,0.12,2019,,,
69,70,Serbia,Central and Eastern Europe,5.6,1,1.38,0.85,0.28,0.04,0.14,2019,,,
70,71,Moldova,Central and Eastern Europe,5.5,0.69,1.33,0.74,0.25,0,0.18,2019,,,
71,72,Libya,Middle East and Northern Africa,5.5,1.04,1.3,0.67,0.42,0.15,0.13,2019,,,
72,73,Montenegro,Central and Eastern Europe,5.5,1.05,1.36,0.87,0.2,0.08,0.14,2019,,,
73,74,Tajikistan,Central and Eastern Europe,5.5,0.49,1.1,0.72,0.39,0.14,0.23,2019,,,
74,75,Croatia,Central and Eastern Europe,5.4,1.16,1.27,0.91,0.3,0.02,0.12,2019,,,
75,76,Hong Kong,Eastern Asia,5.4,1.44,1.28,1.12,0.44,0.29,0.26,2019,,,
76,77,Dominican Republic,Latin America and Caribbean,5.4,1.02,1.4,0.78,0.5,0.1,0.11,2019,,,
77,78,Bosnia and Herzegovina,Central and Eastern Europe,5.4,0.95,1.21,0.85,0.21,0.01,0.26,2019,,,
78,79,Turkey,Middle East and Northern Africa,5.4,1.18,1.36,0.81,0.2,0.11,0.08,2019,,,
79,80,Malaysia,Southeast Asia,5.3,1.22,1.17,0.83,0.51,0.02,0.26,2019,,,
80,81,Belarus,Central and Eastern Europe,5.3,1.07,1.47,0.79,0.24,0.14,0.09,2019,,,
81,82,Greece,Western Europe,5.3,1.18,1.16,1,0.07,0.03,0,2019,,,
82,83,Mongolia,Eastern Asia,5.3,0.95,1.53,0.67,0.32,0.04,0.24,2019,,,
83,84,North Macedonia,Central and Eastern Europe,5.3,0.98,1.29,0.84,0.35,0.03,0.19,2019,,,
84,85,Nigeria,Sub-Saharan Africa,5.3,0.7,1.11,0.25,0.43,0.04,0.22,2019,,,
85,86,Kyrgyzstan,Central and Eastern Europe,5.3,0.55,1.44,0.72,0.51,0.02,0.3,2019,,,
86,87,Turkmenistan,Central Asia ,5.3,1.05,1.54,0.66,0.39,0.03,0.24,2019,,,
87,88,Algeria,Middle East and Northern Africa,5.2,1,1.16,0.79,0.09,0.11,0.07,2019,,,
88,89,Morocco,Middle East and Northern Africa,5.2,0.8,0.78,0.78,0.42,0.08,0.04,2019,,,
89,90,Azerbaijan,Central and Eastern Europe,5.2,1.04,1.15,0.77,0.35,0.18,0.04,2019,,,
90,91,Lebanon,Middle East and Northern Africa,5.2,0.99,1.22,0.82,0.22,0.03,0.17,2019,,,
91,92,Indonesia,Southeast Asia,5.2,0.93,1.2,0.66,0.49,0.03,0.5,2019,,,
92,93,China,Eastern Asia,5.2,1.03,1.13,0.89,0.52,0.1,0.06,2019,,,
93,94,Vietnam,Southeast Asia,5.2,0.74,1.35,0.85,0.54,0.07,0.15,2019,,,
94,95,Bhutan,Southern Asia,5.1,0.81,1.32,0.6,0.46,0.17,0.37,2019,,,
95,96,Cameroon,Sub-Saharan Africa,5,0.55,0.91,0.33,0.38,0.04,0.19,2019,,,
96,97,Bulgaria,Central and Eastern Europe,5,1.09,1.51,0.82,0.31,0,0.08,2019,,,
97,98,Ghana,Sub-Saharan Africa,5,0.61,0.87,0.49,0.38,0.04,0.25,2019,,,
98,99,Ivory Coast,Sub-Saharan Africa,4.9,0.57,0.81,0.23,0.35,0.09,0.15,2019,,,
99,100,Nepal,Southern Asia,4.9,0.45,1.23,0.68,0.44,0.09,0.29,2019,,,
100,101,Jordan,Middle East and Northern Africa,4.9,0.84,1.23,0.82,0.38,0.13,0.11,2019,,,
101,102,Benin,Sub-Saharan Africa,4.9,0.39,0.44,0.4,0.35,0.08,0.18,2019,,,
102,103,Congo (Brazzaville),Sub-Saharan Africa,4.8,0.67,0.8,0.51,0.37,0.09,0.11,2019,,,
103,104,Gabon,Sub-Saharan Africa,4.8,1.06,1.18,0.57,0.3,0.06,0.04,2019,,,
104,105,Laos,Southeast Asia,4.8,0.76,1.03,0.55,0.55,0.16,0.27,2019,,,
105,106,South Africa,Sub-Saharan Africa,4.7,0.96,1.35,0.47,0.39,0.06,0.13,2019,,,
106,107,Albania,Central and Eastern Europe,4.7,0.95,0.85,0.87,0.38,0.03,0.18,2019,,,
107,108,Venezuela,Latin America and Caribbean,4.7,0.96,1.43,0.81,0.15,0.05,0.06,2019,,,
108,109,Cambodia,Southeast Asia,4.7,0.57,1.12,0.64,0.61,0.06,0.23,2019,,,
109,110,Palestinian Territories,Middle East and Northern Africa,4.7,0.66,1.25,0.67,0.23,0.07,0.1,2019,,,
110,111,Senegal,Sub-Saharan Africa,4.7,0.45,1.13,0.57,0.29,0.07,0.15,2019,,,
111,112,Somalia,Sub-Saharan Africa,4.7,0,0.7,0.27,0.56,0.27,0.24,2019,,,
112,113,Namibia,Sub-Saharan Africa,4.6,0.88,1.31,0.48,0.4,0.06,0.07,2019,,,
113,114,Niger,Sub-Saharan Africa,4.6,0.14,0.77,0.37,0.32,0.1,0.19,2019,,,
114,115,Burkina Faso,Sub-Saharan Africa,4.6,0.33,1.06,0.38,0.26,0.11,0.18,2019,,,
115,116,Armenia,Central and Eastern Europe,4.6,0.85,1.06,0.82,0.28,0.06,0.1,2019,,,
116,117,Iran,Middle East and Northern Africa,4.6,1.1,0.84,0.79,0.31,0.13,0.27,2019,,,
117,118,Guinea,Sub-Saharan Africa,4.5,0.38,0.83,0.38,0.33,0.09,0.21,2019,,,
118,119,Georgia,Central and Eastern Europe,4.5,0.89,0.67,0.75,0.35,0.16,0.04,2019,,,
119,120,Gambia,Sub-Saharan Africa,4.5,0.31,0.94,0.43,0.38,0.17,0.27,2019,,,
120,121,Kenya,Sub-Saharan Africa,4.5,0.51,0.98,0.58,0.43,0.05,0.37,2019,,,
121,122,Mauritania,Sub-Saharan Africa,4.5,0.57,1.17,0.49,0.07,0.09,0.11,2019,,,
122,123,Mozambique,Sub-Saharan Africa,4.5,0.2,0.99,0.39,0.49,0.14,0.2,2019,,,
123,124,Tunisia,Middle East and Northern Africa,4.5,0.92,1,0.82,0.17,0.06,0.06,2019,,,
124,125,Bangladesh,Southern Asia,4.5,0.56,0.93,0.72,0.53,0.14,0.17,2019,,,
125,126,Iraq,Middle East and Northern Africa,4.4,1.04,0.98,0.57,0.24,0.09,0.15,2019,,,
126,127,Congo (Kinshasa),Sub-Saharan Africa,4.4,0.09,1.13,0.36,0.27,0.05,0.21,2019,,,
127,128,Mali,Sub-Saharan Africa,4.4,0.39,1.11,0.31,0.33,0.05,0.15,2019,,,
128,129,Sierra Leone,Sub-Saharan Africa,4.4,0.27,0.84,0.24,0.31,0.05,0.25,2019,,,
129,130,Sri Lanka,Southern Asia,4.4,0.95,1.27,0.83,0.47,0.05,0.24,2019,,,
130,131,Myanmar,Southeast Asia,4.4,0.71,1.18,0.56,0.53,0.17,0.57,2019,,,
131,132,Chad,Sub-Saharan Africa,4.4,0.35,0.77,0.19,0.17,0.08,0.2,2019,,,
132,133,Ukraine,Central and Eastern Europe,4.3,0.82,1.39,0.74,0.18,0.01,0.19,2019,,,
133,134,Ethiopia,Sub-Saharan Africa,4.3,0.34,1.03,0.53,0.34,0.1,0.21,2019,,,
134,135,Swaziland,Sub-Saharan Africa,4.2,0.81,1.15,0,0.31,0.14,0.07,2019,,,
135,136,Uganda,Sub-Saharan Africa,4.2,0.33,1.07,0.44,0.36,0.06,0.25,2019,,,
136,137,Egypt,Middle East and Northern Africa,4.2,0.91,1.04,0.64,0.24,0.07,0.08,2019,,,
137,138,Zambia,Sub-Saharan Africa,4.1,0.58,1.06,0.43,0.43,0.09,0.25,2019,,,
138,139,Togo,Sub-Saharan Africa,4.1,0.28,0.57,0.41,0.29,0.09,0.18,2019,,,
139,140,India,Southern Asia,4,0.76,0.77,0.59,0.5,0.09,0.2,2019,,,
140,141,Liberia,Sub-Saharan Africa,4,0.07,0.92,0.44,0.37,0.03,0.23,2019,,,
141,142,Comoros,Sub-Saharan Africa,4,0.27,0.76,0.51,0.14,0.08,0.28,2019,,,
142,143,Madagascar,Sub-Saharan Africa,3.9,0.27,0.92,0.56,0.15,0.04,0.17,2019,,,
143,144,Lesotho,Sub-Saharan Africa,3.8,0.49,1.17,0.17,0.36,0.09,0.11,2019,,,
144,145,Burundi,Sub-Saharan Africa,3.8,0.05,0.45,0.38,0.22,0.18,0.18,2019,,,
145,146,Zimbabwe,Sub-Saharan Africa,3.7,0.37,1.11,0.43,0.36,0.09,0.15,2019,,,
146,147,Haiti,Latin America and Caribbean,3.6,0.32,0.69,0.45,0.03,0.11,0.42,2019,,,
147,148,Botswana,Sub-Saharan Africa,3.5,1.04,1.15,0.54,0.46,0.1,0.03,2019,,,
148,149,Syria,Middle East and Northern Africa,3.5,0.62,0.38,0.44,0.01,0.14,0.33,2019,,,
149,150,Malawi,Sub-Saharan Africa,3.4,0.19,0.56,0.5,0.44,0.09,0.22,2019,,,
150,151,Yemen,Middle East and Northern Africa,3.4,0.29,1.16,0.46,0.14,0.08,0.11,2019,,,
151,152,Rwanda,Sub-Saharan Africa,3.3,0.36,0.71,0.61,0.56,0.41,0.22,2019,,,
152,153,Tanzania,Sub-Saharan Africa,3.2,0.48,0.89,0.5,0.42,0.15,0.28,2019,,,
153,154,Afghanistan,Southern Asia,3.2,0.35,0.52,0.36,0,0.03,0.16,2019,,,
154,155,Central African Republic,Sub-Saharan Africa,3.1,0.03,0,0.11,0.23,0.04,0.24,2019,,,
155,156,South Sudan,Sub-Saharan Africa,2.9,0.31,0.58,0.3,0.01,0.09,0.2,2019,,,
0,1,Finland,Western Europe,7.8,1.29,1.5,0.96,0.66,0.48,0.16,2020,,,
1,2,Denmark,Western Europe,7.7,1.33,1.5,0.98,0.67,0.5,0.24,2020,,,
2,3,Switzerland,Western Europe,7.6,1.39,1.47,1.04,0.63,0.41,0.27,2020,,,
3,4,Iceland,Western Europe,7.5,1.33,1.55,1,0.66,0.14,0.36,2020,,,
4,5,Norway,Western Europe,7.5,1.42,1.5,1.01,0.67,0.43,0.29,2020,,,
5,6,Netherlands,Western Europe,7.5,1.34,1.46,0.98,0.61,0.37,0.34,2020,,,
6,7,Sweden,Western Europe,7.4,1.32,1.43,0.99,0.65,0.44,0.27,2020,,,
7,8,New Zealand,North America and ANZ,7.3,1.24,1.49,1.01,0.65,0.46,0.33,2020,,,
8,9,Austria,Western Europe,7.3,1.32,1.44,1,0.6,0.28,0.26,2020,,,
9,10,Luxembourg,Western Europe,7.2,1.54,1.39,0.99,0.61,0.37,0.2,2020,,,
10,11,Canada,North America and ANZ,7.2,1.3,1.44,1.02,0.64,0.35,0.28,2020,,,
11,12,Australia,North America and ANZ,7.2,1.31,1.48,1.02,0.62,0.34,0.32,2020,,,
12,13,United Kingdom,Western Europe,7.2,1.27,1.46,0.98,0.53,0.32,0.37,2020,,,
13,14,Israel,Middle East and North Africa,7.1,1.22,1.4,1.01,0.42,0.1,0.27,2020,,,
14,15,Costa Rica,Latin America and Caribbean,7.1,0.98,1.37,0.94,0.65,0.1,0.13,2020,,,
15,16,Ireland,Western Europe,7.1,1.45,1.47,0.98,0.59,0.37,0.3,2020,,,
16,17,Germany,Western Europe,7.1,1.31,1.37,0.97,0.56,0.31,0.25,2020,,,
17,18,United States,North America and ANZ,6.9,1.37,1.4,0.83,0.53,0.15,0.3,2020,,,
18,19,Czech Republic,Central and Eastern Europe,6.9,1.21,1.41,0.89,0.51,0.05,0.05,2020,,,
19,20,Belgium,Western Europe,6.9,1.3,1.4,0.96,0.5,0.21,0.15,2020,,,
20,21,United Arab Emirates,Middle East and North Africa,6.8,1.43,1.25,0.79,0.65,0.22,0.28,2020,,,
21,22,Malta,Western Europe,6.8,1.25,1.44,0.97,0.63,0.18,0.34,2020,,,
22,23,France,Western Europe,6.7,1.27,1.46,1.03,0.51,0.23,0.11,2020,,,
23,24,Mexico,Latin America and Caribbean,6.5,1.02,1.23,0.83,0.55,0.08,0.08,2020,,,
24,25,Taiwan Province of China,Eastern Asia,6.5,1.33,1.36,0.88,0.45,0.13,0.15,2020,,,
25,26,Uruguay,Latin America and Caribbean,6.4,1.07,1.43,0.86,0.59,0.19,0.13,2020,,,
26,27,Saudi Arabia,Middle East and North Africa,6.4,1.33,1.31,0.76,0.55,0.16,0.09,2020,,,
27,28,Spain,Western Europe,6.4,1.23,1.42,1.05,0.43,0.11,0.17,2020,,,
28,29,Guatemala,Latin America and Caribbean,6.4,0.75,1.17,0.71,0.61,0.1,0.17,2020,,,
29,30,Italy,Western Europe,6.4,1.24,1.35,1.02,0.32,0.04,0.17,2020,,,
30,31,Singapore,Southeast Asia,6.4,1.52,1.4,1.14,0.64,0.53,0.22,2020,,,
31,32,Brazil,Latin America and Caribbean,6.4,0.95,1.36,0.77,0.48,0.11,0.13,2020,,,
32,33,Slovenia,Central and Eastern Europe,6.4,1.21,1.46,0.93,0.65,0.08,0.15,2020,,,
33,34,El Salvador,Latin America and Caribbean,6.4,0.75,1.15,0.75,0.52,0.12,0.12,2020,,,
34,35,Kosovo,Central and Eastern Europe,6.3,0.84,1.18,0.67,0.56,0.01,0.33,2020,,,
35,36,Panama,Latin America and Caribbean,6.3,1.1,1.38,0.88,0.58,0.05,0.1,2020,,,
36,37,Slovakia,Central and Eastern Europe,6.3,1.19,1.42,0.85,0.42,0.01,0.12,2020,,,
37,38,Uzbekistan,Commonwealth of Independent States,6.3,0.7,1.43,0.72,0.69,0.28,0.36,2020,,,
38,39,Chile,Latin America and Caribbean,6.2,1.1,1.32,0.89,0.42,0.06,0.16,2020,,,
39,40,Bahrain,Middle East and North Africa,6.2,1.3,1.32,0.84,0.61,0.13,0.29,2020,,,
40,41,Lithuania,Central and Eastern Europe,6.2,1.19,1.43,0.8,0.42,0.08,0.05,2020,,,
41,42,Trinidad and Tobago,Latin America and Caribbean,6.2,1.17,1.41,0.66,0.55,0.02,0.2,2020,,,
42,43,Poland,Central and Eastern Europe,6.2,1.17,1.31,0.87,0.56,0.16,0.06,2020,,,
43,44,Colombia,Latin America and Caribbean,6.2,0.93,1.33,0.81,0.53,0.05,0.09,2020,,,
44,45,Cyprus,Western Europe,6.2,1.21,1.15,1.03,0.46,0.05,0.23,2020,,,
45,46,Nicaragua,Latin America and Caribbean,6.1,0.62,1.27,0.8,0.56,0.17,0.21,2020,,,
46,47,Romania,Central and Eastern Europe,6.1,1.12,1.19,0.79,0.53,0,0.07,2020,,,
47,48,Kuwait,Middle East and North Africa,6.1,1.42,1.24,0.78,0.57,0.11,0.13,2020,,,
48,49,Mauritius,Sub-Saharan Africa,6.1,1.07,1.4,0.76,0.59,0.08,0.19,2020,,,
49,50,Kazakhstan,Commonwealth of Independent States,6.1,1.12,1.45,0.7,0.5,0.11,0.15,2020,,,
50,51,Estonia,Central and Eastern Europe,6,1.19,1.45,0.84,0.58,0.2,0.13,2020,,,
51,52,Philippines,Southeast Asia,6,0.78,1.25,0.6,0.62,0.13,0.13,2020,,,
52,53,Hungary,Central and Eastern Europe,6,1.16,1.42,0.81,0.39,0.03,0.07,2020,,,
53,54,Thailand,Southeast Asia,6,1.01,1.35,0.79,0.61,0.03,0.38,2020,,,
54,55,Argentina,Latin America and Caribbean,6,1.03,1.37,0.85,0.52,0.06,0.07,2020,,,
55,56,Honduras,Latin America and Caribbean,6,0.6,1.19,0.79,0.57,0.09,0.26,2020,,,
56,57,Latvia,Central and Eastern Europe,6,1.14,1.41,0.78,0.33,0.09,0.08,2020,,,
57,58,Ecuador,Latin America and Caribbean,5.9,0.85,1.22,0.84,0.56,0.09,0.12,2020,,,
58,59,Portugal,Western Europe,5.9,1.17,1.34,0.98,0.59,0.03,0.05,2020,,,
59,60,Jamaica,Latin America and Caribbean,5.9,0.78,1.41,0.79,0.55,0.03,0.12,2020,,,
60,61,South Korea,Eastern Asia,5.9,1.25,1.13,1.02,0.26,0.09,0.17,2020,,,
61,62,Japan,Eastern Asia,5.9,1.27,1.33,1.07,0.5,0.18,0.04,2020,,,
62,63,Peru,Latin America and Caribbean,5.8,0.92,1.21,0.82,0.51,0.03,0.09,2020,,,
63,64,Serbia,Central and Eastern Europe,5.8,0.99,1.33,0.83,0.4,0.06,0.15,2020,,,
64,65,Bolivia,Latin America and Caribbean,5.8,0.73,1.14,0.66,0.57,0.07,0.14,2020,,,
65,66,Pakistan,South Asia,5.7,0.62,0.87,0.47,0.41,0.12,0.23,2020,,,
66,67,Paraguay,Latin America and Caribbean,5.7,0.9,1.37,0.74,0.59,0.07,0.2,2020,,,
67,68,Dominican Republic,Latin America and Caribbean,5.7,0.98,1.33,0.74,0.56,0.12,0.11,2020,,,
68,69,Bosnia and Herzegovina,Central and Eastern Europe,5.7,0.92,1.2,0.81,0.31,0,0.26,2020,,,
69,70,Moldova,Commonwealth of Independent States,5.6,0.71,1.24,0.71,0.39,0.01,0.17,2020,,,
70,71,Tajikistan,Commonwealth of Independent States,5.6,0.47,1.22,0.68,0.52,0.22,0.18,2020,,,
71,72,Montenegro,Central and Eastern Europe,5.6,1.01,1.27,0.84,0.3,0.1,0.15,2020,,,
72,73,Russia,Commonwealth of Independent States,5.6,1.13,1.38,0.68,0.4,0.05,0.1,2020,,,
73,74,Kyrgyzstan,Commonwealth of Independent States,5.5,0.51,1.34,0.68,0.61,0.03,0.3,2020,,,
74,75,Belarus,Commonwealth of Independent States,5.5,1.02,1.39,0.75,0.29,0.19,0.09,2020,,,
75,76,North Cyprus,Western Europe,5.5,1.21,1.18,1.03,0.48,0.2,0.2,2020,,,
76,77,Greece,Western Europe,5.5,1.13,1.17,0.98,0.17,0.05,0,2020,,,
77,78,Hong Kong,Eastern Asia,5.5,1.38,1.24,1.14,0.46,0.33,0.29,2020,,,
78,79,Croatia,Central and Eastern Europe,5.5,1.11,1.31,0.9,0.38,0.01,0.11,2020,,,
79,80,Libya,Middle East and North Africa,5.5,1.02,1.2,0.62,0.45,0.17,0.14,2020,,,
80,81,Mongolia,Eastern Asia,5.5,0.9,1.46,0.62,0.36,0.05,0.26,2020,,,
81,82,Malaysia,Southeast Asia,5.4,1.17,1.17,0.79,0.6,0.06,0.27,2020,,,
82,83,Vietnam,Southeast Asia,5.4,0.72,1.25,0.82,0.65,0.09,0.14,2020,,,
83,84,Indonesia,Southeast Asia,5.3,0.89,1.15,0.61,0.57,0.04,0.54,2020,,,
84,85,Ivory Coast,Sub-Saharan Africa,5.2,0.54,0.8,0.15,0.4,0.09,0.17,2020,,,
85,86,Benin,Sub-Saharan Africa,5.2,0.37,0.35,0.33,0.41,0.13,0.2,2020,,,
86,87,Maldives,South Asia,5.2,0.94,1.4,0.91,0.55,0.07,0.22,2020,,,
87,88,Congo (Brazzaville),Sub-Saharan Africa,5.2,0.63,0.76,0.46,0.39,0.12,0.12,2020,,,
88,89,Azerbaijan,Commonwealth of Independent States,5.2,0.99,1.18,0.73,0.47,0.25,0.04,2020,,,
89,90,Macedonia,Central and Eastern Europe,5.2,0.94,1.18,0.8,0.41,0.02,0.19,2020,,,
90,91,Ghana,Sub-Saharan Africa,5.2,0.58,0.97,0.43,0.48,0.06,0.26,2020,,,
91,92,Nepal,South Asia,5.1,0.44,1.1,0.67,0.48,0.13,0.3,2020,,,
92,93,Turkey,Middle East and North Africa,5.1,1.13,1.2,0.78,0.25,0.12,0.09,2020,,,
93,94,China,Eastern Asia,5.1,0.99,1.13,0.87,0.6,0.12,0.08,2020,,,
94,95,Turkmenistan,Central Asia ,5.1,1.01,1.51,0.61,0.52,0.03,0.32,2020,,,
95,96,Bulgaria,Central and Eastern Europe,5.1,1.05,1.46,0.78,0.42,0,0.1,2020,,,
96,97,Morocco,Middle East and North Africa,5.1,0.76,0.65,0.75,0.45,0.08,0.04,2020,,,
97,98,Cameroon,Sub-Saharan Africa,5.1,0.5,0.9,0.27,0.44,0.05,0.2,2020,,,
98,99,Venezuela,Latin America and Caribbean,5.1,0.77,1.35,0.77,0.27,0.06,0.09,2020,,,
99,100,Algeria,Middle East and North Africa,5,0.94,1.14,0.75,0.08,0.13,0.12,2020,,,
100,101,Senegal,Sub-Saharan Africa,5,0.5,0.95,0.52,0.35,0.08,0.16,2020,,,
101,102,Guinea,Sub-Saharan Africa,5,0.39,0.75,0.33,0.37,0.11,0.25,2020,,,
102,103,Niger,Sub-Saharan Africa,4.9,0.11,0.7,0.3,0.44,0.14,0.21,2020,,,
103,104,Laos,Southeast Asia,4.9,0.71,0.99,0.49,0.61,0.19,0.27,2020,,,
104,105,Albania,Central and Eastern Europe,4.9,0.91,0.83,0.85,0.46,0.03,0.17,2020,,,
105,106,Cambodia,Southeast Asia,4.9,0.54,1.07,0.59,0.67,0.07,0.23,2020,,,
106,107,Bangladesh,South Asia,4.8,0.56,0.87,0.69,0.6,0.18,0.18,2020,,,
107,108,Gabon,Sub-Saharan Africa,4.8,0.99,1.11,0.52,0.37,0.06,0.05,2020,,,
108,109,South Africa,Sub-Saharan Africa,4.8,0.9,1.26,0.41,0.43,0.06,0.13,2020,,,
109,110,Iraq,Middle East and North Africa,4.8,0.98,1.01,0.53,0.28,0.07,0.15,2020,,,
110,111,Lebanon,Middle East and North Africa,4.8,0.89,1.19,0.79,0.19,0.02,0.16,2020,,,
111,112,Burkina Faso,Sub-Saharan Africa,4.8,0.3,0.93,0.31,0.32,0.13,0.19,2020,,,
112,113,Gambia,Sub-Saharan Africa,4.8,0.26,0.88,0.35,0.4,0.16,0.43,2020,,,
113,114,Mali,Sub-Saharan Africa,4.7,0.35,0.97,0.23,0.38,0.06,0.17,2020,,,
114,115,Nigeria,Sub-Saharan Africa,4.7,0.65,0.99,0.17,0.44,0.05,0.22,2020,,,
115,116,Armenia,Commonwealth of Independent States,4.7,0.81,1.03,0.78,0.38,0.1,0.11,2020,,,
116,117,Georgia,Commonwealth of Independent States,4.7,0.85,0.73,0.69,0.49,0.17,0.05,2020,,,
117,118,Iran,Middle East and North Africa,4.7,1.03,0.89,0.75,0.3,0.14,0.28,2020,,,
118,119,Jordan,Middle East and North Africa,4.6,0.79,1.14,0.78,0.42,0.15,0.09,2020,,,
119,120,Mozambique,Sub-Saharan Africa,4.6,0.18,0.96,0.32,0.56,0.16,0.22,2020,,,
120,121,Kenya,Sub-Saharan Africa,4.6,0.48,0.91,0.54,0.52,0.07,0.39,2020,,,
121,122,Namibia,Sub-Saharan Africa,4.6,0.84,1.25,0.41,0.44,0.05,0.08,2020,,,
122,123,Ukraine,Commonwealth of Independent States,4.6,0.78,1.32,0.7,0.32,0.01,0.18,2020,,,
123,124,Liberia,Sub-Saharan Africa,4.6,0.17,0.92,0.39,0.41,0.05,0.23,2020,,,
124,125,Palestinian Territories,Middle East and North Africa,4.6,0.59,1.19,0.61,0.3,0.07,0.09,2020,,,
125,126,Uganda,Sub-Saharan Africa,4.4,0.31,1.05,0.38,0.4,0.06,0.26,2020,,,
126,127,Chad,Sub-Saharan Africa,4.4,0.3,0.74,0.11,0.23,0.09,0.21,2020,,,
127,128,Tunisia,Middle East and North Africa,4.4,0.87,0.87,0.78,0.24,0.04,0.06,2020,,,
128,129,Mauritania,Sub-Saharan Africa,4.4,0.54,1.11,0.43,0.19,0.12,0.13,2020,,,
129,130,Sri Lanka,South Asia,4.3,0.9,1.19,0.79,0.53,0.05,0.25,2020,,,
130,131,Congo (Kinshasa),Sub-Saharan Africa,4.3,0.06,0.83,0.28,0.36,0.08,0.25,2020,,,
131,132,Swaziland,Sub-Saharan Africa,4.3,0.83,1.06,0.22,0.3,0.15,0.07,2020,,,
132,133,Myanmar,Southeast Asia,4.3,0.68,1.1,0.5,0.6,0.19,0.57,2020,,,
133,134,Comoros,Sub-Saharan Africa,4.3,0.42,0.72,0.44,0.18,0.1,0.26,2020,,,
134,135,Togo,Sub-Saharan Africa,4.2,0.27,0.55,0.34,0.3,0.11,0.2,2020,,,
135,136,Ethiopia,Sub-Saharan Africa,4.2,0.32,1,0.48,0.41,0.12,0.23,2020,,,
136,137,Madagascar,Sub-Saharan Africa,4.2,0.24,0.82,0.5,0.19,0.08,0.19,2020,,,
137,138,Egypt,Middle East and North Africa,4.2,0.88,0.98,0.6,0.37,0.1,0.07,2020,,,
138,139,Sierra Leone,Sub-Saharan Africa,3.9,0.24,0.75,0.2,0.38,0.05,0.26,2020,,,
139,140,Burundi,Sub-Saharan Africa,3.8,0,0.4,0.3,0.28,0.21,0.19,2020,,,
140,141,Zambia,Sub-Saharan Africa,3.8,0.54,0.9,0.36,0.49,0.09,0.25,2020,,,
141,142,Haiti,Latin America and Caribbean,3.7,0.28,0.65,0.37,0.17,0.16,0.46,2020,,,
142,143,Lesotho,Sub-Saharan Africa,3.7,0.45,1.09,0.1,0.41,0.05,0.1,2020,,,
143,144,India,South Asia,3.6,0.73,0.64,0.54,0.58,0.11,0.24,2020,,,
144,145,Malawi,Sub-Saharan Africa,3.5,0.18,0.53,0.45,0.49,0.13,0.21,2020,,,
145,146,Yemen,Middle East and North Africa,3.5,0.39,1.18,0.42,0.24,0.09,0.09,2020,,,
146,147,Botswana,Sub-Saharan Africa,3.5,1,1.09,0.49,0.51,0.1,0.03,2020,,,
147,148,Tanzania,Sub-Saharan Africa,3.5,0.46,0.87,0.44,0.51,0.2,0.27,2020,,,
148,149,Central African Republic,Sub-Saharan Africa,3.5,0.04,0,0,0.29,0.03,0.25,2020,,,
149,150,Rwanda,Sub-Saharan Africa,3.3,0.34,0.52,0.57,0.6,0.49,0.24,2020,,,
150,151,Zimbabwe,Sub-Saharan Africa,3.3,0.43,1.05,0.38,0.38,0.08,0.15,2020,,,
151,152,South Sudan,Sub-Saharan Africa,2.8,0.29,0.55,0.21,0.07,0.11,0.21,2020,,,
152,153,Afghanistan,South Asia,2.6,0.3,0.36,0.27,0,0,0.14,2020,,,
0,1,Finland,Western Europe,7.8,1.45,1.11,0.74,0.69,0.48,0.12,2021,,,
1,2,Denmark,Western Europe,7.6,1.5,1.11,0.76,0.69,0.49,0.21,2021,,,
2,3,Switzerland,Western Europe,7.6,1.57,1.08,0.82,0.65,0.41,0.2,2021,,,
3,4,Iceland,Western Europe,7.6,1.48,1.17,0.77,0.7,0.17,0.29,2021,,,
4,5,Netherlands,Western Europe,7.5,1.5,1.08,0.75,0.65,0.38,0.3,2021,,,
5,6,Norway,Western Europe,7.4,1.54,1.11,0.78,0.7,0.43,0.25,2021,,,
6,7,Sweden,Western Europe,7.4,1.48,1.06,0.76,0.69,0.45,0.24,2021,,,
7,8,Luxembourg,Western Europe,7.3,1.75,1,0.76,0.64,0.35,0.17,2021,,,
8,9,New Zealand,North America and ANZ,7.3,1.4,1.09,0.79,0.67,0.45,0.28,2021,,,
9,10,Austria,Western Europe,7.3,1.49,1.06,0.78,0.64,0.29,0.22,2021,,,
10,11,Australia,North America and ANZ,7.2,1.45,1.08,0.8,0.65,0.32,0.29,2021,,,
11,12,Israel,Middle East and North Africa,7.2,1.38,1.07,0.79,0.51,0.12,0.21,2021,,,
12,13,Germany,Western Europe,7.2,1.48,0.99,0.76,0.6,0.31,0.2,2021,,,
13,14,Canada,North America and ANZ,7.1,1.45,1.04,0.8,0.65,0.34,0.25,2021,,,
14,15,Ireland,Western Europe,7.1,1.64,1.09,0.75,0.61,0.37,0.24,2021,,,
15,16,Costa Rica,Latin America and Caribbean,7.1,1.13,0.97,0.72,0.67,0.08,0.11,2021,,,
16,17,United Kingdom,Western Europe,7.1,1.42,1.06,0.76,0.58,0.31,0.34,2021,,,
17,18,Czech Republic,Central and Eastern Europe,7,1.37,1.09,0.7,0.58,0.05,0.05,2021,,,
18,19,United States,North America and ANZ,7,1.53,1.03,0.62,0.55,0.15,0.25,2021,,,
19,20,Belgium,Western Europe,6.8,1.46,1,0.75,0.49,0.19,0.09,2021,,,
20,21,France,Western Europe,6.7,1.42,1.08,0.8,0.54,0.24,0.09,2021,,,
21,22,Bahrain,Middle East and North Africa,6.7,1.41,0.9,0.66,0.66,0.14,0.25,2021,,,
22,23,Malta,Western Europe,6.6,1.41,1.06,0.75,0.66,0.18,0.28,2021,,,
23,24,Taiwan Province of China,Eastern Asia,6.6,1.48,0.98,0.67,0.49,0.14,0.14,2021,,,
24,25,United Arab Emirates,Middle East and North Africa,6.6,1.56,0.86,0.59,0.67,0.22,0.24,2021,,,
25,26,Saudi Arabia,Middle East and North Africa,6.5,1.44,0.96,0.57,0.6,0.16,0.09,2021,,,
26,27,Spain,Western Europe,6.5,1.38,1.06,0.83,0.46,0.12,0.14,2021,,,
27,28,Italy,Western Europe,6.5,1.39,0.94,0.8,0.38,0.05,0.13,2021,,,
28,29,Slovenia,Central and Eastern Europe,6.5,1.36,1.09,0.72,0.69,0.09,0.12,2021,,,
29,30,Guatemala,Latin America and Caribbean,6.4,0.85,0.79,0.52,0.64,0.11,0.16,2021,,,
30,31,Uruguay,Latin America and Caribbean,6.4,1.16,1.04,0.65,0.63,0.22,0.13,2021,,,
31,32,Singapore,Southeast Asia,6.4,1.7,1.02,0.9,0.66,0.55,0.18,2021,,,
32,33,Kosovo,Central and Eastern Europe,6.4,0.94,0.81,0.48,0.59,0.01,0.36,2021,,,
33,34,Slovakia,Central and Eastern Europe,6.3,1.3,1.07,0.65,0.47,0.02,0.11,2021,,,
34,35,Brazil,Latin America and Caribbean,6.3,1.03,0.94,0.57,0.51,0.12,0.14,2021,,,
35,36,Mexico,Latin America and Caribbean,6.3,1.13,0.83,0.63,0.59,0.09,0.09,2021,,,
36,37,Jamaica,Latin America and Caribbean,6.3,0.89,0.93,0.6,0.62,0.04,0.1,2021,,,
37,38,Lithuania,Central and Eastern Europe,6.3,1.35,1.07,0.61,0.48,0.07,0.06,2021,,,
38,39,Cyprus,Western Europe,6.2,1.38,0.77,0.8,0.46,0.06,0.18,2021,,,
39,40,Estonia,Central and Eastern Europe,6.2,1.34,1.08,0.64,0.64,0.26,0.12,2021,,,
40,41,Panama,Latin America and Caribbean,6.2,1.3,0.98,0.67,0.6,0.05,0.08,2021,,,
41,42,Uzbekistan,Commonwealth of Independent States,6.2,0.77,1.03,0.53,0.72,0.27,0.39,2021,,,
42,43,Chile,Latin America and Caribbean,6.2,1.2,0.95,0.68,0.44,0.07,0.16,2021,,,
43,44,Poland,Central and Eastern Europe,6.2,1.31,0.98,0.67,0.56,0.13,0.08,2021,,,
44,45,Kazakhstan,Commonwealth of Independent States,6.2,1.23,1.1,0.53,0.57,0.13,0.14,2021,,,
45,46,Romania,Central and Eastern Europe,6.1,1.28,0.83,0.6,0.56,0,0.05,2021,,,
46,47,Kuwait,Middle East and North Africa,6.1,1.46,0.86,0.58,0.59,0.13,0.12,2021,,,
47,48,Serbia,Central and Eastern Europe,6.1,1.1,0.92,0.63,0.48,0.07,0.19,2021,,,
48,49,El Salvador,Latin America and Caribbean,6.1,0.85,0.68,0.57,0.62,0.16,0.12,2021,,,
49,50,Mauritius,Sub-Saharan Africa,6.1,1.18,1,0.57,0.59,0.1,0.15,2021,,,
50,51,Latvia,Central and Eastern Europe,6,1.29,1.05,0.59,0.41,0.09,0.08,2021,,,
51,52,Colombia,Latin America and Caribbean,6,1.02,0.87,0.62,0.55,0.06,0.1,2021,,,
52,53,Hungary,Central and Eastern Europe,6,1.3,1.08,0.62,0.45,0.04,0.07,2021,,,
53,54,Thailand,Southeast Asia,6,1.11,0.96,0.6,0.61,0.03,0.38,2021,,,
54,55,Nicaragua,Latin America and Caribbean,6,0.69,0.9,0.6,0.55,0.18,0.2,2021,,,
55,56,Japan,Eastern Asia,5.9,1.39,0.95,0.84,0.5,0.19,0.02,2021,,,
56,57,Argentina,Latin America and Caribbean,5.9,1.16,0.98,0.65,0.54,0.07,0.07,2021,,,
57,58,Portugal,Western Europe,5.9,1.32,0.94,0.76,0.62,0.03,0.03,2021,,,
58,59,Honduras,Latin America and Caribbean,5.9,0.7,0.79,0.59,0.58,0.08,0.24,2021,,,
59,60,Croatia,Central and Eastern Europe,5.9,1.25,1.04,0.7,0.45,0,0.11,2021,,,
60,61,Philippines,Southeast Asia,5.9,0.85,0.83,0.43,0.65,0.13,0.13,2021,,,
61,62,South Korea,Eastern Asia,5.9,1.4,0.76,0.8,0.35,0.14,0.13,2021,,,
62,63,Peru,Latin America and Caribbean,5.8,0.99,0.83,0.62,0.54,0.03,0.09,2021,,,
63,64,Bosnia and Herzegovina,Central and Eastern Europe,5.8,1.03,0.92,0.62,0.4,0.01,0.26,2021,,,
64,65,Moldova,Commonwealth of Independent States,5.8,0.99,0.89,0.54,0.54,0.01,0.14,2021,,,
65,66,Ecuador,Latin America and Caribbean,5.8,0.94,0.81,0.64,0.56,0.06,0.11,2021,,,
66,67,Kyrgyzstan,Commonwealth of Independent States,5.7,0.67,0.97,0.5,0.67,0.02,0.27,2021,,,
67,68,Greece,Western Europe,5.7,1.27,0.81,0.76,0.24,0.07,0,2021,,,
68,69,Bolivia,Latin America and Caribbean,5.7,0.84,0.78,0.49,0.6,0.06,0.14,2021,,,
69,70,Mongolia,Eastern Asia,5.7,0.97,1.07,0.44,0.4,0.05,0.26,2021,,,
70,71,Paraguay,Latin America and Caribbean,5.7,0.98,0.97,0.55,0.6,0.04,0.21,2021,,,
71,72,Montenegro,Central and Eastern Europe,5.6,1.16,0.89,0.64,0.4,0.08,0.17,2021,,,
72,73,Dominican Republic,Latin America and Caribbean,5.6,1.11,0.88,0.56,0.58,0.14,0.1,2021,,,
73,74,North Cyprus,Western Europe,5.5,1.38,0.81,0.8,0.5,0.2,0.2,2021,,,
74,75,Belarus,Commonwealth of Independent States,5.5,1.12,1.01,0.56,0.33,0.2,0.07,2021,,,
75,76,Russia,Commonwealth of Independent States,5.5,1.24,0.99,0.51,0.41,0.06,0.12,2021,,,
76,77,Hong Kong,Eastern Asia,5.5,1.53,0.84,0.89,0.41,0.34,0.23,2021,,,
77,78,Tajikistan,Commonwealth of Independent States,5.5,0.51,0.9,0.5,0.55,0.25,0.15,2021,,,
78,79,Vietnam,Southeast Asia,5.4,0.82,0.87,0.62,0.68,0.09,0.12,2021,,,
79,80,Libya,Middle East and North Africa,5.4,1.04,0.82,0.44,0.47,0.17,0.13,2021,,,
80,81,Malaysia,Southeast Asia,5.4,1.26,0.8,0.59,0.62,0.06,0.27,2021,,,
81,82,Indonesia,Southeast Asia,5.4,0.95,0.79,0.43,0.6,0.05,0.54,2021,,,
82,83,Congo (Brazzaville),Sub-Saharan Africa,5.3,0.52,0.39,0.31,0.38,0.12,0.14,2021,,,
83,84,China,Eastern Asia,5.3,1.06,0.79,0.67,0.64,0.12,0.09,2021,,,
84,85,Ivory Coast,Sub-Saharan Africa,5.3,0.67,0.41,0.05,0.44,0.09,0.18,2021,,,
85,86,Armenia,Commonwealth of Independent States,5.3,1,0.76,0.59,0.54,0.2,0.08,2021,,,
86,87,Nepal,South Asia,5.3,0.52,0.7,0.5,0.49,0.14,0.29,2021,,,
87,88,Bulgaria,Central and Eastern Europe,5.3,1.18,1.06,0.58,0.49,0.01,0.13,2021,,,
88,89,Maldives,South Asia,5.2,1.12,1.02,0.7,0.58,0.07,0.2,2021,,,
89,90,Azerbaijan,Commonwealth of Independent States,5.2,1.03,0.84,0.54,0.53,0.28,0.04,2021,,,
90,91,Cameroon,Sub-Saharan Africa,5.1,0.54,0.56,0.16,0.43,0.06,0.21,2021,,,
91,92,Senegal,Sub-Saharan Africa,5.1,0.52,0.56,0.36,0.38,0.09,0.16,2021,,,
92,93,Albania,Central and Eastern Europe,5.1,1.01,0.53,0.65,0.49,0.02,0.17,2021,,,
93,94,North Macedonia,Central and Eastern Europe,5.1,1.07,0.77,0.54,0.45,0.02,0.21,2021,,,
94,95,Ghana,Sub-Saharan Africa,5.1,0.68,0.6,0.29,0.52,0.06,0.27,2021,,,
95,96,Niger,Sub-Saharan Africa,5.1,0.16,0.4,0.17,0.52,0.16,0.2,2021,,,
96,97,Turkmenistan,Central Asia ,5.1,1.05,1.17,0.44,0.6,0.03,0.37,2021,,,
97,98,Gambia,Sub-Saharan Africa,5.1,0.37,0.51,0.21,0.38,0.12,0.47,2021,,,
98,99,Benin,Sub-Saharan Africa,5.1,0.51,0.06,0.2,0.46,0.18,0.17,2021,,,
99,100,Laos,Southeast Asia,5,0.81,0.6,0.33,0.64,0.18,0.27,2021,,,
100,101,Bangladesh,South Asia,5,0.64,0.52,0.51,0.6,0.16,0.16,2021,,,
101,102,Guinea,Sub-Saharan Africa,5,0.42,0.4,0.21,0.38,0.11,0.25,2021,,,
102,103,South Africa,Sub-Saharan Africa,5,0.97,0.9,0.27,0.45,0.05,0.14,2021,,,
103,104,Turkey,Middle East and North Africa,5,1.26,0.81,0.59,0.24,0.1,0.1,2021,,,
104,105,Pakistan,South Asia,4.9,0.64,0.42,0.32,0.42,0.1,0.25,2021,,,
105,106,Morocco,Middle East and North Africa,4.9,0.79,0.22,0.56,0.48,0.09,0.03,2021,,,
106,107,Venezuela,Latin America and Caribbean,4.9,0.85,0.9,0.57,0.28,0.07,0.08,2021,,,
107,108,Georgia,Commonwealth of Independent States,4.9,1.03,0.47,0.5,0.49,0.18,0.03,2021,,,
108,109,Algeria,Middle East and North Africa,4.9,0.95,0.77,0.55,0.12,0.12,0.14,2021,,,
109,110,Ukraine,Commonwealth of Independent States,4.9,0.98,0.96,0.52,0.42,0.01,0.18,2021,,,
110,111,Iraq,Middle East and North Africa,4.9,0.91,0.64,0.38,0.3,0.04,0.15,2021,,,
111,112,Gabon,Sub-Saharan Africa,4.9,1.04,0.71,0.36,0.42,0.06,0.06,2021,,,
112,113,Burkina Faso,Sub-Saharan Africa,4.8,0.36,0.47,0.18,0.38,0.12,0.18,2021,,,
113,114,Cambodia,Southeast Asia,4.8,0.6,0.68,0.43,0.7,0.06,0.21,2021,,,
114,115,Mozambique,Sub-Saharan Africa,4.8,0.18,0.63,0.2,0.61,0.16,0.23,2021,,,
115,116,Nigeria,Sub-Saharan Africa,4.8,0.66,0.63,0.05,0.43,0.04,0.21,2021,,,
116,117,Mali,Sub-Saharan Africa,4.7,0.39,0.59,0.11,0.38,0.07,0.16,2021,,,
117,118,Iran,Middle East and North Africa,4.7,1.03,0.56,0.56,0.28,0.14,0.33,2021,,,
118,119,Uganda,Sub-Saharan Africa,4.6,0.36,0.72,0.24,0.4,0.05,0.27,2021,,,
119,120,Liberia,Sub-Saharan Africa,4.6,0.23,0.58,0.25,0.43,0.06,0.22,2021,,,
120,121,Kenya,Sub-Saharan Africa,4.6,0.6,0.51,0.39,0.48,0.07,0.38,2021,,,
121,122,Tunisia,Middle East and North Africa,4.6,0.92,0.52,0.59,0.33,0.04,0.06,2021,,,
122,123,Lebanon,Middle East and North Africa,4.6,1.05,0.87,0.6,0.18,0.03,0.14,2021,,,
123,124,Namibia,Sub-Saharan Africa,4.6,0.88,0.8,0.26,0.41,0.06,0.09,2021,,,
124,125,Palestinian Territories,Middle East and North Africa,4.5,0.65,0.82,0.43,0.33,0.08,0.08,2021,,,
125,126,Myanmar,Southeast Asia,4.4,0.67,0.71,0.34,0.6,0.18,0.52,2021,,,
126,127,Jordan,Middle East and North Africa,4.4,0.89,0.69,0.58,0.46,0.15,0.08,2021,,,
127,128,Chad,Sub-Saharan Africa,4.4,0.26,0.35,0,0.24,0.08,0.22,2021,,,
128,129,Sri Lanka,South Asia,4.3,0.99,0.82,0.59,0.56,0.05,0.24,2021,,,
129,130,Swaziland,Sub-Saharan Africa,4.3,0.85,0.69,0.07,0.32,0.15,0.07,2021,,,
130,131,Comoros,Sub-Saharan Africa,4.3,0.49,0.37,0.28,0.2,0.1,0.24,2021,,,
131,132,Egypt,Middle East and North Africa,4.3,0.95,0.65,0.43,0.45,0.09,0.07,2021,,,
132,133,Ethiopia,Sub-Saharan Africa,4.3,0.37,0.68,0.33,0.45,0.11,0.24,2021,,,
133,134,Mauritania,Sub-Saharan Africa,4.2,0.67,0.75,0.27,0.22,0.13,0.12,2021,,,
134,135,Madagascar,Sub-Saharan Africa,4.2,0.27,0.5,0.34,0.21,0.09,0.19,2021,,,
135,136,Togo,Sub-Saharan Africa,4.1,0.25,0.24,0.2,0.29,0.11,0.21,2021,,,
136,137,Zambia,Sub-Saharan Africa,4.1,0.53,0.55,0.23,0.49,0.07,0.23,2021,,,
137,138,Sierra Leone,Sub-Saharan Africa,3.9,0.28,0.38,0.1,0.41,0.05,0.24,2021,,,
138,139,India,South Asia,3.8,0.74,0.32,0.38,0.62,0.11,0.25,2021,,,
139,140,Burundi,Sub-Saharan Africa,3.8,0,0.06,0.16,0.3,0.21,0.17,2021,,,
140,141,Yemen,Middle East and North Africa,3.7,0.33,0.83,0.27,0.27,0.09,0.09,2021,,,
141,142,Tanzania,Sub-Saharan Africa,3.6,0.43,0.54,0.3,0.55,0.23,0.31,2021,,,
142,143,Haiti,Latin America and Caribbean,3.6,0.29,0.17,0.23,0.26,0.14,0.46,2021,,,
143,144,Malawi,Sub-Saharan Africa,3.6,0.11,0.17,0.3,0.48,0.13,0.21,2021,,,
144,145,Lesotho,Sub-Saharan Africa,3.5,0.45,0.73,0.01,0.41,0.02,0.1,2021,,,
145,146,Botswana,Sub-Saharan Africa,3.5,1.1,0.72,0.34,0.54,0.09,0.03,2021,,,
146,147,Rwanda,Sub-Saharan Africa,3.4,0.36,0.2,0.41,0.63,0.49,0.23,2021,,,
147,148,Zimbabwe,Sub-Saharan Africa,3.2,0.46,0.65,0.24,0.36,0.08,0.16,2021,,,
148,149,Afghanistan,South Asia,2.5,0.37,0,0.13,0,0.01,0.12,2021,,,
0,1,Finland,Western Europe,7.821,,,,,,,2022,,,
1,2,Denmark,Western Europe,7.636,,,,,,,2022,,,
2,3,Iceland,Western Europe,7.557,,,,,,,2022,,,
3,4,Switzerland,Western Europe,7.512,,,,,,,2022,,,
4,5,Netherlands,Western Europe,7.415,,,,,,,2022,,,
5,6,Luxembourg,Western Europe,7.404,,,,,,,2022,,,
6,7,Sweden,Western Europe,7.384,,,,,,,2022,,,
7,8,Norway,Western Europe,7.365,,,,,,,2022,,,
8,9,Israel,Middle East and Northern Africa,7.364,,,,,,,2022,,,
9,10,New Zealand,Australia and New Zealand,7.2,,,,,,,2022,,,
10,11,Austria,Western Europe,7.163,,,,,,,2022,,,
11,12,Australia,Australia and New Zealand,7.162,,,,,,,2022,,,
12,13,Ireland,Western Europe,7.041,,,,,,,2022,,,
13,14,Germany,Western Europe,7.034,,,,,,,2022,,,
14,15,Canada,North America,7.025,,,,,,,2022,,,
15,16,United States,North America,6.977,,,,,,,2022,,,
16,17,United Kingdom,Western Europe,6.943,,,,,,,2022,,,
17,18,Czechia,Central and Eastern Europe,6.92,,,,,,,2022,,,
18,19,Belgium,Western Europe,6.805,,,,,,,2022,,,
19,20,France,Western Europe,6.687,,,,,,,2022,,,
20,21,Bahrain,Middle East and Northern Africa,6.647,,,,,,,2022,,,
21,22,Slovenia,Central and Eastern Europe,6.63,,,,,,,2022,,,
22,23,Costa Rica,Latin America and Caribbean,6.582,,,,,,,2022,,,
23,24,United Arab Emirates,Middle East and Northern Africa,6.576,,,,,,,2022,,,
24,25,Saudi Arabia,Middle East and Northern Africa,6.523,,,,,,,2022,,,
25,26,Taiwan Province of China,Eastern Asia,6.512,,,,,,,2022,,,
26,27,Singapore,Southeast Asia,6.48,,,,,,,2022,,,
27,28,Romania,Central and Eastern Europe,6.477,,,,,,,2022,,,
28,29,Spain,Western Europe,6.476,,,,,,,2022,,,
29,30,Uruguay,Latin America and Caribbean,6.474,,,,,,,2022,,,
30,31,Italy,Western Europe,6.467,,,,,,,2022,,,
31,32,Kosovo,Central and Eastern Europe,6.455,,,,,,,2022,,,
32,33,Malta,Western Europe,6.447,,,,,,,2022,,,
33,34,Lithuania,Central and Eastern Europe,6.446,,,,,,,2022,,,
34,35,Slovakia,Central and Eastern Europe,6.391,,,,,,,2022,,,
35,36,Estonia,Central and Eastern Europe,6.341,,,,,,,2022,,,
36,37,Panama,Latin America and Caribbean,6.309,,,,,,,2022,,,
37,38,Brazil,Latin America and Caribbean,6.293,,,,,,,2022,,,
38,39,Guatemala,Latin America and Caribbean,6.262,,,,,,,2022,,,
39,40,Kazakhstan,Central and Eastern Europe,6.234,,,,,,,2022,,,
40,41,Cyprus,Western Europe,6.221,,,,,,,2022,,,
41,42,Latvia,Central and Eastern Europe,6.18,,,,,,,2022,,,
42,43,Serbia,Central and Eastern Europe,6.178,,,,,,,2022,,,
43,44,Chile,Latin America and Caribbean,6.172,,,,,,,2022,,,
44,45,Nicaragua,Latin America and Caribbean,6.165,,,,,,,2022,,,
45,46,Mexico,Latin America and Caribbean,6.128,,,,,,,2022,,,
46,47,Croatia,Central and Eastern Europe,6.125,,,,,,,2022,,,
47,48,Poland,Central and Eastern Europe,6.123,,,,,,,2022,,,
48,49,El Salvador,Latin America and Caribbean,6.12,,,,,,,2022,,,
49,50,Kuwait,Middle East,6.106,,,,,,,2022,,,
50,51,Hungary,Central and Eastern Europe,6.086,,,,,,,2022,,,
51,52,Mauritius,Sub-Saharan Africa,6.071,,,,,,,2022,,,
52,53,Uzbekistan,Central and Eastern Europe,6.063,,,,,,,2022,,,
53,54,Japan,Eastern Asia,6.039,,,,,,,2022,,,
54,55,Honduras,Latin America and Caribbean,6.022,,,,,,,2022,,,
55,56,Portugal,Western Europe,6.016,,,,,,,2022,,,
56,57,Argentina,Latin America and Caribbean,5.967,,,,,,,2022,,,
57,58,Greece,Western Europe,5.948,,,,,,,2022,,,
58,59,South Korea,Eastern Asia,5.935,,,,,,,2022,,,
59,60,Philippines,Southeast Asia,5.904,,,,,,,2022,,,
60,61,Thailand,Southeast Asia,5.891,,,,,,,2022,,,
61,62,Moldova,Central and Eastern Europe,5.857,,,,,,,2022,,,
62,63,Jamaica,Latin America and Caribbean,5.85,,,,,,,2022,,,
63,64,Kyrgyzstan,Central and Eastern Europe,5.828,,,,,,,2022,,,
64,65,Belarus,Central and Eastern Europe,5.821,,,,,,,2022,,,
65,66,Colombia,Latin America and Caribbean,5.781,,,,,,,2022,,,
66,67,Bosnia and Herzegovina,Central and Eastern Europe,5.768,,,,,,,2022,,,
67,68,Mongolia,Eastern Asia,5.761,,,,,,,2022,,,
68,69,Dominican Republic,Latin America and Caribbean,5.737,,,,,,,2022,,,
69,70,Malaysia,Southeast Asia,5.711,,,,,,,2022,,,
70,71,Bolivia,Latin America and Caribbean,5.6,,,,,,,2022,,,
71,72,China,Eastern Asia,5.585,,,,,,,2022,,,
72,73,Paraguay,Latin America and Caribbean,5.578,,,,,,,2022,,,
73,74,Peru,Latin America and Caribbean,5.559,,,,,,,2022,,,
74,75,Montenegro,Central and Eastern Europe,5.547,,,,,,,2022,,,
75,76,Ecuador,Latin America and Caribbean,5.533,,,,,,,2022,,,
76,77,Vietnam,Southeast Asia,5.485,,,,,,,2022,,,
77,78,Turkmenistan,Central Asia ,5.474,,,,,,,2022,,,
78,79,North Cyprus,Western Europe,5.467,,,,,,,2022,,,
79,80,Russia,Central and Eastern Europe,5.459,,,,,,,2022,,,
80,81,Hong Kong,eastern Asia,5.425,,,,,,,2022,,,
81,82,Armenia,Central and Eastern Europe,5.399,,,,,,,2022,,,
82,83,Tajikistan,Central and Eastern Europe,5.377,,,,,,,2022,,,
83,84,Nepal,Southern Asia,5.377,,,,,,,2022,,,
84,85,Bulgaria,Central and Eastern Europe,5.371,,,,,,,2022,,,
85,86,Libya,Middle East and Northern Africa,5.33,,,,,,,2022,,,
86,87,Indonesia,Southeast Asia,5.24,,,,,,,2022,,,
87,88,Ivory Coast,Sub-Saharan Africa,5.235,,,,,,,2022,,,
88,89,North Macedonia,Central and Eastern Europe,5.199,,,,,,,2022,,,
89,90,Albania,Central and Eastern Europe,5.199,,,,,,,2022,,,
90,91,South Africa,Sub-Saharan Africa,5.194,,,,,,,2022,,,
91,92,Azerbaijan,Central and Eastern Europe,5.173,,,,,,,2022,,,
92,93,Gambia,Sub-Saharan Africa,5.164,,,,,,,2022,,,
93,94,Bangladesh,Southern Asia,5.155,,,,,,,2022,,,
94,95,Laos,Southeast Asia,5.14,,,,,,,2022,,,
95,96,Algeria,Middle East and Northern Africa,5.122,,,,,,,2022,,,
96,97,Liberia,Sub-Saharan Africa,5.122,,,,,,,2022,,,
97,98,Ukraine,Central and Eastern Europe,5.084,,,,,,,2022,,,
98,99,Congo,Sub-Saharan Africa,5.075,,,,,,,2022,,,
99,100,Morocco,Middle East and Northern Africa,5.06,,,,,,,2022,,,
100,101,Mozambique,Sub-Saharan Africa,5.048,,,,,,,2022,,,
101,102,Cameroon,Sub-Saharan Africa,5.048,,,,,,,2022,,,
102,103,Senegal,Sub-Saharan Africa,5.046,,,,,,,2022,,,
103,104,Niger,Sub-Saharan Africa,5.003,,,,,,,2022,,,
104,105,Georgia,Central and Eastern Europe,4.973,,,,,,,2022,,,
105,106,Gabon,Sub-Saharan Africa,4.958,,,,,,,2022,,,
106,107,Iraq,Middle East and Northern Africa,4.941,,,,,,,2022,,,
107,108,Venezuela,Latin America and Caribbean,4.925,,,,,,,2022,,,
108,109,Guinea,Sub-Saharan Africa,4.891,,,,,,,2022,,,
109,110,Iran,Middle East and Northern Africa,4.888,,,,,,,2022,,,
110,111,Ghana,Sub-Saharan Africa,4.872,,,,,,,2022,,,
111,112,Turkey,Middle East and Northern Africa,4.744,,,,,,,2022,,,
112,113,Burkina Faso,Sub-Saharan Africa,4.67,,,,,,,2022,,,
113,114,Cambodia,Southeast Asia,4.64,,,,,,,2022,,,
114,115,Benin,Sub-Saharan Africa,4.623,,,,,,,2022,,,
115,116,Comoros,Sub-Saharan Africa,4.609,,,,,,,2022,,,
116,117,Uganda,Sub-Saharan Africa,4.603,,,,,,,2022,,,
117,118,Nigeria,Sub-Saharan Africa,4.552,,,,,,,2022,,,
118,119,Kenya,Sub-Saharan Africa,4.543,,,,,,,2022,,,
119,120,Tunisia,Middle East and Northern Africa,4.516,,,,,,,2022,,,
120,121,Pakistan,Southern Asia,4.516,,,,,,,2022,,,
121,122,Palestinian Territories,Middle East and Northern Africa,4.483,,,,,,,2022,,,
122,123,Mali,Sub-Saharan Africa,4.479,,,,,,,2022,,,
123,124,Namibia,Sub-Saharan Africa,4.459,,,,,,,2022,,,
124,125,Eswatini,Southern Africa,4.396,,,,,,,2022,,,
125,126,Myanmar,Southeast Asia,4.394,,,,,,,2022,,,
126,127,Sri Lanka,Southern Asia,4.362,,,,,,,2022,,,
127,128,Madagascar,Sub-Saharan Africa,4.339,,,,,,,2022,,,
128,129,Egypt,Middle East and Northern Africa,4.288,,,,,,,2022,,,
129,130,Chad,Sub-Saharan Africa,4.251,,,,,,,2022,,,
130,131,Ethiopia,Sub-Saharan Africa,4.241,,,,,,,2022,,,
131,132,Yemen,Middle East and Northern Africa,4.197,,,,,,,2022,,,
132,133,Mauritania,Sub-Saharan Africa,4.153,,,,,,,2022,,,
133,134,Jordan,Middle East and Northern Africa,4.152,,,,,,,2022,,,
134,135,Togo,Sub-Saharan Africa,4.112,,,,,,,2022,,,
135,136,India,Southern Asia,3.777,,,,,,,2022,,,
136,137,Zambia,Sub-Saharan Africa,3.76,,,,,,,2022,,,
137,138,Malawi,Sub-Saharan Africa,3.75,,,,,,,2022,,,
138,139,Tanzania,Sub-Saharan Africa,3.702,,,,,,,2022,,,
139,140,Sierra Leone,Sub-Saharan Africa,3.574,,,,,,,2022,,,
140,141,Lesotho,Sub-Saharan Africa,3.512,,,,,,,2022,,,
141,142,Botswana,Sub-Saharan Africa,3.471,,,,,,,2022,,,
142,143,Rwanda,Sub-Saharan Africa,3.268,,,,,,,2022,,,
143,144,Zimbabwe,Sub-Saharan Africa,2.995,,,,,,,2022,,,
144,145,Lebanon,Middle East and Northern Africa,2.955,,,,,,,2022,,,
145,146,Afghanistan,Southern Asia,2.404,,,,,,,2022,,,
